journey_id,school,date,channel_grouping,source,medium,campaign,country,touchpoint,total_touchpoints,stage,stage_idx,attribution_weight,status,closed_reason
BCS-0001,BCS,2026-06-14,PaidSocial,facebook,cpc,FPD-SG-LeadGen-Web-AO-Pre-Prep Early Years-2026Feb_AllAges,Bangladesh,1,1,D1 Lead,0,0.051669,Active,
BCS-0002,BCS,2026-06-27,BrandedPaidSearch,google,cpc,FPD_PM_Local_SEM_SG_GSEM_EN_BRAND_Brand,Singapore,1,1,D1 Lead,0,0.012917,Active,
BCS-0003,BCS,2026-06-11,OrganicSearch,google,organic,(organic),Singapore,1,3,D1 Lead,0,0.103672,Active,
BCS-0003,BCS,2026-06-11,OrganicSearch,google,organic,(organic),Singapore,2,3,D1 Lead,0,0.051836,Active,
BCS-0003,BCS,2026-06-12,OrganicSearch,google,organic,(organic),Singapore,3,3,D1 Lead,0,0.103672,Active,
BCS-0004,BCS,2026-06-11,OrganicSearch,google,organic,(organic),Singapore,1,3,D1 Lead,0,0.103672,Active,
BCS-0004,BCS,2026-06-11,OrganicSearch,google,organic,(organic),Singapore,2,3,D1 Lead,0,0.051836,Active,
BCS-0004,BCS,2026-06-12,OrganicSearch,google,organic,(organic),Singapore,3,3,D1 Lead,0,0.103672,Active,
BCS-0005,BCS,2026-06-16,PaidSocial,facebook,cpc,FPD-SG-LeadGen-Web-AO-Pre-Prep Early Years-2026Feb_AllAges,Bangladesh,1,1,D1 Lead,0,0.051669,Active,
BCS-0006,BCS,2026-06-08,Direct,(direct),(none),(direct),China,1,6,D1 Lead,0,0.062765,Active,
BCS-0006,BCS,2026-06-10,Direct,(direct),(none),(direct),China,2,6,D1 Lead,0,0.007846,Active,
BCS-0006,BCS,2026-06-10,Direct,(direct),(none),(direct),China,3,6,D1 Lead,0,0.007846,Active,
BCS-0006,BCS,2026-06-22,OrganicSearch,google,organic,(organic),China,4,6,D1 Lead,0,0.012959,Active,
BCS-0006,BCS,2026-06-23,Direct,(direct),(none),(direct),China,5,6,D1 Lead,0,0.007846,Active,
BCS-0006,BCS,2026-06-28,OrganicSearch,google,organic,(organic),China,6,6,D1 Lead,0,0.103672,Active,
BCS-0007,BCS,2026-06-25,PMaxPaidSearch,google,cpc,FPD_PM_Regional_PMAX_UK_PMAX_EN_GENERIC_Generic,United Kingdom,1,3,D1 Lead,0,0.044251,Active,
BCS-0007,BCS,2026-06-27,OrganicSearch,google,organic,(organic),United Kingdom,2,3,D1 Lead,0,0.051836,Active,
BCS-0007,BCS,2026-06-28,PMaxPaidSearch,google,cpc,FPD_UK_PMax_AO-2024,United Kingdom,3,3,D1 Lead,0,0.044251,Active,
BCS-0008,BCS,2026-06-17,OrganicSearch,google,organic,(organic),Spain,1,15,D1 Lead,0,0.103672,Active,
BCS-0008,BCS,2026-06-18,OrganicSearch,google,organic,(organic),Spain,2,15,D1 Lead,0,0.003987,Active,
BCS-0008,BCS,2026-06-18,OrganicSearch,google,organic,(organic),Spain,3,15,D1 Lead,0,0.003987,Active,
BCS-0008,BCS,2026-06-18,OrganicSearch,google,organic,(organic),Spain,4,15,D1 Lead,0,0.003987,Active,
BCS-0008,BCS,2026-06-18,OrganicSearch,google,organic,(organic),Spain,5,15,D1 Lead,0,0.003987,Active,
BCS-0008,BCS,2026-06-18,OrganicSearch,google,organic,(organic),Spain,6,15,D1 Lead,0,0.003987,Active,
BCS-0008,BCS,2026-06-18,OrganicSearch,google,organic,(organic),Spain,7,15,D1 Lead,0,0.003987,Active,
BCS-0008,BCS,2026-06-18,OrganicSearch,google,organic,(organic),Spain,8,15,D1 Lead,0,0.003987,Active,
BCS-0008,BCS,2026-06-19,OrganicSearch,google,organic,(organic),Spain,9,15,D1 Lead,0,0.003987,Active,
BCS-0008,BCS,2026-06-19,OrganicSearch,google,organic,(organic),Spain,10,15,D1 Lead,0,0.003987,Active,
BCS-0008,BCS,2026-06-19,OrganicSearch,google,organic,(organic),Spain,11,15,D1 Lead,0,0.003987,Active,
BCS-0008,BCS,2026-06-19,OrganicSearch,google,organic,(organic),Spain,12,15,D1 Lead,0,0.003987,Active,
BCS-0008,BCS,2026-06-19,OrganicSearch,google,organic,(organic),Spain,13,15,D1 Lead,0,0.003987,Active,
BCS-0008,BCS,2026-06-19,OrganicSearch,google,organic,(organic),Spain,14,15,D1 Lead,0,0.003987,Active,
BCS-0008,BCS,2026-06-20,OrganicSearch,google,organic,(organic),Spain,15,15,D1 Lead,0,0.103672,Active,
BCS-0009,BCS,2026-06-26,Direct,(direct),(none),(not set),United Kingdom,1,1,D1 Lead,0,0.156912,Active,
BCS-0010,BCS,2026-06-29,Direct,(direct),(none),(not set),United Kingdom,1,1,D1 Lead,0,0.156912,Active,
BCS-0011,BCS,2026-06-14,OrganicSearch,google,organic,(organic),Japan,1,1,D1 Lead,0,0.259180,Active,
BCS-0012,BCS,2026-06-22,PMaxPaidSearch,google,cpc,FPD_PM_Regional_PMAX_UK_PMAX_EN_GENERIC_Generic,United Kingdom,1,1,D1 Lead,0,0.110629,Active,
BCS-0013,BCS,2026-06-26,Direct,(direct),(none),(not set),United Kingdom,1,1,D1 Lead,0,0.156912,Active,
BCS-0014,BCS,2026-06-12,Local,google,gmb,google_my_business,France,1,7,D1 Lead,0,0.036975,Active,
BCS-0014,BCS,2026-06-12,Local,google,gmb,google_my_business,France,2,7,D1 Lead,0,0.003698,Active,
BCS-0014,BCS,2026-06-15,Local,google,gmb,google_my_business,France,3,7,D1 Lead,0,0.003698,Active,
BCS-0014,BCS,2026-06-15,Local,google,gmb,google_my_business,France,4,7,D1 Lead,0,0.003698,Active,
BCS-0014,BCS,2026-06-15,Local,google,gmb,google_my_business,France,5,7,D1 Lead,0,0.003698,Active,
BCS-0014,BCS,2026-06-15,Local,google,gmb,google_my_business,France,6,7,D1 Lead,0,0.003698,Active,
BCS-0014,BCS,2026-06-17,Local,google,gmb,google_my_business,France,7,7,D1 Lead,0,0.036975,Active,
BCS-0015,BCS,2026-06-17,OrganicSearch,google,organic,(organic),Spain,1,15,D1 Lead,0,0.103672,Active,
BCS-0015,BCS,2026-06-18,OrganicSearch,google,organic,(organic),Spain,2,15,D1 Lead,0,0.003987,Active,
BCS-0015,BCS,2026-06-18,OrganicSearch,google,organic,(organic),Spain,3,15,D1 Lead,0,0.003987,Active,
BCS-0015,BCS,2026-06-18,OrganicSearch,google,organic,(organic),Spain,4,15,D1 Lead,0,0.003987,Active,
BCS-0015,BCS,2026-06-18,OrganicSearch,google,organic,(organic),Spain,5,15,D1 Lead,0,0.003987,Active,
BCS-0015,BCS,2026-06-18,OrganicSearch,google,organic,(organic),Spain,6,15,D1 Lead,0,0.003987,Active,
BCS-0015,BCS,2026-06-18,OrganicSearch,google,organic,(organic),Spain,7,15,D1 Lead,0,0.003987,Active,
BCS-0015,BCS,2026-06-18,OrganicSearch,google,organic,(organic),Spain,8,15,D1 Lead,0,0.003987,Active,
BCS-0015,BCS,2026-06-19,OrganicSearch,google,organic,(organic),Spain,9,15,D1 Lead,0,0.003987,Active,
BCS-0015,BCS,2026-06-19,OrganicSearch,google,organic,(organic),Spain,10,15,D1 Lead,0,0.003987,Active,
BCS-0015,BCS,2026-06-19,OrganicSearch,google,organic,(organic),Spain,11,15,D1 Lead,0,0.003987,Active,
BCS-0015,BCS,2026-06-19,OrganicSearch,google,organic,(organic),Spain,12,15,D1 Lead,0,0.003987,Active,
BCS-0015,BCS,2026-06-19,OrganicSearch,google,organic,(organic),Spain,13,15,D1 Lead,0,0.003987,Active,
BCS-0015,BCS,2026-06-19,OrganicSearch,google,organic,(organic),Spain,14,15,D1 Lead,0,0.003987,Active,
BCS-0015,BCS,2026-06-20,OrganicSearch,google,organic,(organic),Spain,15,15,D1 Lead,0,0.103672,Active,
BCS-0016,BCS,2026-06-14,OrganicSearch,google,organic,(organic),Japan,1,1,D1 Lead,0,0.259180,Active,
BCS-0017,BCS,2026-06-18,OrganicSearch,bing,organic,(organic),Thailand,1,2,D1 Lead,0,0.129590,Active,
BCS-0017,BCS,2026-06-19,OrganicSearch,bing,organic,(organic),Thailand,2,2,D1 Lead,0,0.129590,Active,
BCS-0018,BCS,2026-06-25,OrganicSearch,google,organic,(organic),India,1,2,D1 Lead,0,0.129590,Active,
BCS-0018,BCS,2026-06-26,OrganicSearch,google,organic,(organic),India,2,2,D1 Lead,0,0.129590,Active,
BCS-0019,BCS,2026-06-17,OrganicSearch,google,organic,(organic),Spain,1,15,D1 Lead,0,0.103672,Active,
BCS-0019,BCS,2026-06-18,OrganicSearch,google,organic,(organic),Spain,2,15,D1 Lead,0,0.003987,Active,
BCS-0019,BCS,2026-06-18,OrganicSearch,google,organic,(organic),Spain,3,15,D1 Lead,0,0.003987,Active,
BCS-0019,BCS,2026-06-18,OrganicSearch,google,organic,(organic),Spain,4,15,D1 Lead,0,0.003987,Active,
BCS-0019,BCS,2026-06-18,OrganicSearch,google,organic,(organic),Spain,5,15,D1 Lead,0,0.003987,Active,
BCS-0019,BCS,2026-06-18,OrganicSearch,google,organic,(organic),Spain,6,15,D1 Lead,0,0.003987,Active,
BCS-0019,BCS,2026-06-18,OrganicSearch,google,organic,(organic),Spain,7,15,D1 Lead,0,0.003987,Active,
BCS-0019,BCS,2026-06-18,OrganicSearch,google,organic,(organic),Spain,8,15,D1 Lead,0,0.003987,Active,
BCS-0019,BCS,2026-06-19,OrganicSearch,google,organic,(organic),Spain,9,15,D1 Lead,0,0.003987,Active,
BCS-0019,BCS,2026-06-19,OrganicSearch,google,organic,(organic),Spain,10,15,D1 Lead,0,0.003987,Active,
BCS-0019,BCS,2026-06-19,OrganicSearch,google,organic,(organic),Spain,11,15,D1 Lead,0,0.003987,Active,
BCS-0019,BCS,2026-06-19,OrganicSearch,google,organic,(organic),Spain,12,15,D1 Lead,0,0.003987,Active,
BCS-0019,BCS,2026-06-19,OrganicSearch,google,organic,(organic),Spain,13,15,D1 Lead,0,0.003987,Active,
BCS-0019,BCS,2026-06-19,OrganicSearch,google,organic,(organic),Spain,14,15,D1 Lead,0,0.003987,Active,
BCS-0019,BCS,2026-06-20,OrganicSearch,google,organic,(organic),Spain,15,15,D1 Lead,0,0.103672,Active,
BCS-0020,BCS,2026-06-20,PaidSocial,facebook,cpc,FPD-SG-LeadGen-Web-AO-Pre-Prep Early Years-2026Feb_AllAges,Singapore,1,3,D1 Lead,0,0.020667,Active,
BCS-0020,BCS,2026-06-21,PaidSocial,facebook,cpc,FPD-SG-LeadGen-Web-AO-Pre-Prep Early Years-2026Feb_AllAges,Singapore,2,3,D1 Lead,0,0.010334,Active,
BCS-0020,BCS,2026-06-22,PaidSocial,facebook,cpc,FPD-SG-LeadGen-Web-AO-Pre-Prep Early Years-2026Feb_AllAges,Singapore,3,3,D1 Lead,0,0.020667,Active,
BCS-0021,BCS,2026-06-25,PMaxPaidSearch,google,cpc,FPD_PM_Regional_PMAX_UK_PMAX_EN_GENERIC_Generic,United Kingdom,1,3,D1 Lead,0,0.044251,Active,
BCS-0021,BCS,2026-06-27,OrganicSearch,google,organic,(organic),United Kingdom,2,3,D1 Lead,0,0.051836,Active,
BCS-0021,BCS,2026-06-28,PMaxPaidSearch,google,cpc,FPD_UK_PMax_AO-2024,United Kingdom,3,3,D1 Lead,0,0.044251,Active,
BCS-0022,BCS,2026-06-28,PMaxPaidSearch,google,cpc,FPD_PM_Regional_PMAX_HK_PMAX_EN_GENERIC_Generic,Singapore,1,1,D1 Lead,0,0.110629,Active,
BCS-0023,BCS,2026-06-15,PMaxPaidSearch,google,cpc,FPD_PM_Local_PMAX_SG_PMAX_EN_GENERIC_Generic,Singapore,1,1,D1 Lead,0,0.110629,Active,
BCS-0024,BCS,2026-06-25,Direct,(direct),(none),(direct),Singapore,1,5,D1 Lead,0,0.062765,Active,
BCS-0024,BCS,2026-06-25,Direct,(direct),(none),(direct),Singapore,2,5,D1 Lead,0,0.010461,Active,
BCS-0024,BCS,2026-06-25,Direct,(direct),(none),(direct),Singapore,3,5,D1 Lead,0,0.010461,Active,
BCS-0024,BCS,2026-06-25,Direct,(direct),(none),(direct),Singapore,4,5,D1 Lead,0,0.010461,Active,
BCS-0024,BCS,2026-06-25,Direct,(direct),(none),(direct),Singapore,5,5,D1 Lead,0,0.062765,Active,
BCS-0025,BCS,2026-06-15,PMaxPaidSearch,google,cpc,FPD_PM_Local_PMAX_SG_PMAX_EN_GENERIC_Generic,Singapore,1,3,D1 Lead,0,0.044251,Active,
BCS-0025,BCS,2026-06-15,PMaxPaidSearch,google,cpc,FPD_PM_Local_PMAX_SG_PMAX_EN_GENERIC_Generic,Singapore,1,3,D2 Enquiry,1,0.040033,Active,
BCS-0025,BCS,2026-06-22,PMaxPaidSearch,google,cpc,FPD_SG_PMax_AO,Singapore,2,3,D1 Lead,0,0.022126,Active,
BCS-0025,BCS,2026-06-22,PMaxPaidSearch,google,cpc,FPD_SG_PMax_AO,Singapore,2,3,D2 Enquiry,1,0.020017,Active,
BCS-0025,BCS,2026-06-22,PMaxPaidSearch,google,cpc,FPD_SG_PMax_AO,Singapore,3,3,D1 Lead,0,0.044251,Active,
BCS-0025,BCS,2026-06-22,PMaxPaidSearch,google,cpc,FPD_SG_PMax_AO,Singapore,3,3,D2 Enquiry,1,0.040033,Active,
BCS-0026,BCS,2026-06-19,PaidSocial,facebook,cpc,FPD-SG-LeadGen-Web-AO-SixthFormLaunch-DecJan2025,Singapore,1,3,D1 Lead,0,0.020667,Active,
BCS-0026,BCS,2026-06-19,PaidSocial,facebook,cpc,FPD-SG-LeadGen-Web-AO-SixthFormLaunch-DecJan2025,Singapore,1,3,D2 Enquiry,1,0.006903,Active,
BCS-0026,BCS,2026-06-19,Social,ig,social,(referral),Singapore,2,3,D1 Lead,0,0.002000,Active,
BCS-0026,BCS,2026-06-19,Social,ig,social,(referral),Singapore,2,3,D2 Enquiry,1,0.002000,Active,
BCS-0026,BCS,2026-06-19,PaidSocial,facebook,cpc,FPD-SG-LeadGen-Web-AO-SixthFormLaunch-DecJan2025,Singapore,3,3,D1 Lead,0,0.020667,Active,
BCS-0026,BCS,2026-06-19,PaidSocial,facebook,cpc,FPD-SG-LeadGen-Web-AO-SixthFormLaunch-DecJan2025,Singapore,3,3,D2 Enquiry,1,0.006903,Active,
BCS-0027,BCS,2026-06-24,OrganicSearch,google,organic,(organic),Switzerland,1,2,D1 Lead,0,0.129590,Active,
BCS-0027,BCS,2026-06-24,OrganicSearch,google,organic,(organic),Switzerland,1,2,D2 Enquiry,1,0.095941,Active,
BCS-0027,BCS,2026-06-24,OrganicSearch,google,organic,(organic),Switzerland,2,2,D1 Lead,0,0.129590,Active,
BCS-0027,BCS,2026-06-24,OrganicSearch,google,organic,(organic),Switzerland,2,2,D2 Enquiry,1,0.095941,Active,
BCS-0028,BCS,2026-06-17,Local,google,gmb,google_my_business,Singapore,1,3,D1 Lead,0,0.036975,Active,
BCS-0028,BCS,2026-06-17,Local,google,gmb,google_my_business,Singapore,1,3,D2 Enquiry,1,0.043392,Active,
BCS-0028,BCS,2026-06-18,Local,google,gmb,google_my_business,Singapore,2,3,D1 Lead,0,0.018488,Active,
BCS-0028,BCS,2026-06-18,Local,google,gmb,google_my_business,Singapore,2,3,D2 Enquiry,1,0.021696,Active,
BCS-0028,BCS,2026-06-19,Local,google,gmb,google_my_business,Singapore,3,3,D1 Lead,0,0.036975,Active,
BCS-0028,BCS,2026-06-19,Local,google,gmb,google_my_business,Singapore,3,3,D2 Enquiry,1,0.043392,Active,
BCS-0029,BCS,2026-06-27,OrganicSearch,google,organic,(organic),China,1,2,D1 Lead,0,0.129590,Active,
BCS-0029,BCS,2026-06-27,OrganicSearch,google,organic,(organic),China,1,2,D2 Enquiry,1,0.095941,Active,
BCS-0029,BCS,2026-06-27,OrganicSearch,google,organic,(organic),China,2,2,D1 Lead,0,0.129590,Active,
BCS-0029,BCS,2026-06-27,OrganicSearch,google,organic,(organic),China,2,2,D2 Enquiry,1,0.095941,Active,
BCS-0030,BCS,2026-06-22,OrganicSearch,google,organic,(organic),Australia,1,5,D1 Lead,0,0.103672,Active,
BCS-0030,BCS,2026-06-22,OrganicSearch,google,organic,(organic),Australia,1,5,D2 Enquiry,1,0.076753,Active,
BCS-0030,BCS,2026-06-22,OrganicSearch,google,organic,(organic),Australia,2,5,D1 Lead,0,0.017279,Active,
BCS-0030,BCS,2026-06-22,OrganicSearch,google,organic,(organic),Australia,2,5,D2 Enquiry,1,0.012792,Active,
BCS-0030,BCS,2026-06-22,OrganicSearch,google,organic,(organic),Australia,3,5,D1 Lead,0,0.017279,Active,
BCS-0030,BCS,2026-06-22,OrganicSearch,google,organic,(organic),Australia,3,5,D2 Enquiry,1,0.012792,Active,
BCS-0030,BCS,2026-06-22,OrganicSearch,google,organic,(organic),Australia,4,5,D1 Lead,0,0.017279,Active,
BCS-0030,BCS,2026-06-22,OrganicSearch,google,organic,(organic),Australia,4,5,D2 Enquiry,1,0.012792,Active,
BCS-0030,BCS,2026-06-23,OrganicSearch,google,organic,(organic),Australia,5,5,D1 Lead,0,0.103672,Active,
BCS-0030,BCS,2026-06-23,OrganicSearch,google,organic,(organic),Australia,5,5,D2 Enquiry,1,0.076753,Active,
BCS-0031,BCS,2026-06-06,Referral,chatgpt.com,referral,(referral),Singapore,1,3,D1 Lead,0,0.007234,Active,
BCS-0031,BCS,2026-06-06,Referral,chatgpt.com,referral,(referral),Singapore,1,3,D2 Enquiry,1,0.009665,Active,
BCS-0031,BCS,2026-06-07,Referral,chatgpt.com,referral,(referral),Singapore,2,3,D1 Lead,0,0.003617,Active,
BCS-0031,BCS,2026-06-07,Referral,chatgpt.com,referral,(referral),Singapore,2,3,D2 Enquiry,1,0.004832,Active,
BCS-0031,BCS,2026-06-15,PMaxPaidSearch,google,cpc,FPD_PM_Regional_PMAX_HK_PMAX_EN_GENERIC_Generic,Singapore,3,3,D1 Lead,0,0.044251,Active,
BCS-0031,BCS,2026-06-15,PMaxPaidSearch,google,cpc,FPD_PM_Regional_PMAX_HK_PMAX_EN_GENERIC_Generic,Singapore,3,3,D2 Enquiry,1,0.040033,Active,
BCS-0032,BCS,2026-06-22,Direct,(direct),(none),(direct),Singapore,1,1,D1 Lead,0,0.156912,Active,
BCS-0032,BCS,2026-06-22,Direct,(direct),(none),(direct),Singapore,1,1,D2 Enquiry,1,0.152570,Active,
BCS-0033,BCS,2026-06-24,OrganicSearch,google,organic,(organic),Switzerland,1,2,D1 Lead,0,0.129590,Active,
BCS-0033,BCS,2026-06-24,OrganicSearch,google,organic,(organic),Switzerland,1,2,D2 Enquiry,1,0.095941,Active,
BCS-0033,BCS,2026-06-24,OrganicSearch,google,organic,(organic),Switzerland,2,2,D1 Lead,0,0.129590,Active,
BCS-0033,BCS,2026-06-24,OrganicSearch,google,organic,(organic),Switzerland,2,2,D2 Enquiry,1,0.095941,Active,
BCS-0034,BCS,2026-06-17,Local,google,gmb,google_my_business,Spain,1,6,D1 Lead,0,0.036975,Active,
BCS-0034,BCS,2026-06-17,Local,google,gmb,google_my_business,Spain,1,6,D2 Enquiry,1,0.043392,Active,
BCS-0034,BCS,2026-06-17,Local,google,gmb,google_my_business,Spain,2,6,D1 Lead,0,0.004622,Active,
BCS-0034,BCS,2026-06-17,Local,google,gmb,google_my_business,Spain,2,6,D2 Enquiry,1,0.005424,Active,
BCS-0034,BCS,2026-06-17,Local,google,gmb,google_my_business,Spain,3,6,D1 Lead,0,0.004622,Active,
BCS-0034,BCS,2026-06-17,Local,google,gmb,google_my_business,Spain,3,6,D2 Enquiry,1,0.005424,Active,
BCS-0034,BCS,2026-06-20,PMaxPaidSearch,google,cpc,FPD_PM_Local_PMAX_SG_PMAX_EN_GENERIC_Generic,Spain,4,6,D1 Lead,0,0.005531,Active,
BCS-0034,BCS,2026-06-20,PMaxPaidSearch,google,cpc,FPD_PM_Local_PMAX_SG_PMAX_EN_GENERIC_Generic,Spain,4,6,D2 Enquiry,1,0.005004,Active,
BCS-0034,BCS,2026-06-20,Local,google,gmb,google_my_business,Spain,5,6,D1 Lead,0,0.004622,Active,
BCS-0034,BCS,2026-06-20,Local,google,gmb,google_my_business,Spain,5,6,D2 Enquiry,1,0.005424,Active,
BCS-0034,BCS,2026-06-21,Local,google,gmb,google_my_business,Spain,6,6,D1 Lead,0,0.036975,Active,
BCS-0034,BCS,2026-06-21,Local,google,gmb,google_my_business,Spain,6,6,D2 Enquiry,1,0.043392,Active,
BCS-0035,BCS,2026-06-19,Direct,(direct),(none),(direct),Singapore,1,2,D1 Lead,0,0.078456,Active,
BCS-0035,BCS,2026-06-19,Direct,(direct),(none),(direct),Singapore,1,2,D2 Enquiry,1,0.076285,Active,
BCS-0035,BCS,2026-06-22,Direct,(direct),(none),(direct),Singapore,2,2,D1 Lead,0,0.078456,Active,
BCS-0035,BCS,2026-06-22,Direct,(direct),(none),(direct),Singapore,2,2,D2 Enquiry,1,0.076285,Active,
BCS-0036,BCS,2026-06-15,OrganicSearch,bing,organic,(organic),China,1,7,D1 Lead,0,0.103672,Active,
BCS-0036,BCS,2026-06-15,OrganicSearch,bing,organic,(organic),China,1,7,D2 Enquiry,1,0.076753,Active,
BCS-0036,BCS,2026-06-15,OrganicSearch,bing,organic,(organic),China,2,7,D1 Lead,0,0.010367,Active,
BCS-0036,BCS,2026-06-15,OrganicSearch,bing,organic,(organic),China,2,7,D2 Enquiry,1,0.007675,Active,
BCS-0036,BCS,2026-06-16,OrganicSearch,bing,organic,(organic),China,3,7,D1 Lead,0,0.010367,Active,
BCS-0036,BCS,2026-06-16,OrganicSearch,bing,organic,(organic),China,3,7,D2 Enquiry,1,0.007675,Active,
BCS-0036,BCS,2026-06-16,OrganicSearch,bing,organic,(organic),China,4,7,D1 Lead,0,0.010367,Active,
BCS-0036,BCS,2026-06-16,OrganicSearch,bing,organic,(organic),China,4,7,D2 Enquiry,1,0.007675,Active,
BCS-0036,BCS,2026-06-19,OrganicSearch,google,organic,(organic),China,5,7,D1 Lead,0,0.010367,Active,
BCS-0036,BCS,2026-06-19,OrganicSearch,google,organic,(organic),China,5,7,D2 Enquiry,1,0.007675,Active,
BCS-0036,BCS,2026-06-20,OrganicSearch,google,organic,(organic),China,6,7,D1 Lead,0,0.010367,Active,
BCS-0036,BCS,2026-06-20,OrganicSearch,google,organic,(organic),China,6,7,D2 Enquiry,1,0.007675,Active,
BCS-0036,BCS,2026-06-24,OrganicSearch,bing,organic,(organic),China,7,7,D1 Lead,0,0.103672,Active,
BCS-0036,BCS,2026-06-24,OrganicSearch,bing,organic,(organic),China,7,7,D2 Enquiry,1,0.076753,Active,
BCS-0037,BCS,2026-06-17,Local,google,gmb,google_my_business,Spain,1,6,D1 Lead,0,0.036975,Active,
BCS-0037,BCS,2026-06-17,Local,google,gmb,google_my_business,Spain,1,6,D2 Enquiry,1,0.043392,Active,
BCS-0037,BCS,2026-06-17,Local,google,gmb,google_my_business,Spain,2,6,D1 Lead,0,0.004622,Active,
BCS-0037,BCS,2026-06-17,Local,google,gmb,google_my_business,Spain,2,6,D2 Enquiry,1,0.005424,Active,
BCS-0037,BCS,2026-06-17,Local,google,gmb,google_my_business,Spain,3,6,D1 Lead,0,0.004622,Active,
BCS-0037,BCS,2026-06-17,Local,google,gmb,google_my_business,Spain,3,6,D2 Enquiry,1,0.005424,Active,
BCS-0037,BCS,2026-06-20,PMaxPaidSearch,google,cpc,FPD_PM_Local_PMAX_SG_PMAX_EN_GENERIC_Generic,Spain,4,6,D1 Lead,0,0.005531,Active,
BCS-0037,BCS,2026-06-20,PMaxPaidSearch,google,cpc,FPD_PM_Local_PMAX_SG_PMAX_EN_GENERIC_Generic,Spain,4,6,D2 Enquiry,1,0.005004,Active,
BCS-0037,BCS,2026-06-20,Local,google,gmb,google_my_business,Spain,5,6,D1 Lead,0,0.004622,Active,
BCS-0037,BCS,2026-06-20,Local,google,gmb,google_my_business,Spain,5,6,D2 Enquiry,1,0.005424,Active,
BCS-0037,BCS,2026-06-21,Local,google,gmb,google_my_business,Spain,6,6,D1 Lead,0,0.036975,Active,
BCS-0037,BCS,2026-06-21,Local,google,gmb,google_my_business,Spain,6,6,D2 Enquiry,1,0.043392,Active,
BCS-0038,BCS,2026-06-16,OrganicSearch,google,organic,(organic),"Myanmar, Republic of the Union of",1,5,D1 Lead,0,0.103672,Active,
BCS-0038,BCS,2026-06-16,OrganicSearch,google,organic,(organic),"Myanmar, Republic of the Union of",1,5,D2 Enquiry,1,0.076753,Active,
BCS-0038,BCS,2026-06-16,OrganicSearch,google,organic,(organic),"Myanmar, Republic of the Union of",2,5,D1 Lead,0,0.017279,Active,
BCS-0038,BCS,2026-06-16,OrganicSearch,google,organic,(organic),"Myanmar, Republic of the Union of",2,5,D2 Enquiry,1,0.012792,Active,
BCS-0038,BCS,2026-06-18,OrganicSearch,google,organic,(organic),"Myanmar, Republic of the Union of",3,5,D1 Lead,0,0.017279,Active,
BCS-0038,BCS,2026-06-18,OrganicSearch,google,organic,(organic),"Myanmar, Republic of the Union of",3,5,D2 Enquiry,1,0.012792,Active,
BCS-0038,BCS,2026-06-19,OrganicSearch,google,organic,(organic),"Myanmar, Republic of the Union of",4,5,D1 Lead,0,0.017279,Active,
BCS-0038,BCS,2026-06-19,OrganicSearch,google,organic,(organic),"Myanmar, Republic of the Union of",4,5,D2 Enquiry,1,0.012792,Active,
BCS-0038,BCS,2026-06-21,OrganicSearch,google,organic,(organic),"Myanmar, Republic of the Union of",5,5,D1 Lead,0,0.103672,Active,
BCS-0038,BCS,2026-06-21,OrganicSearch,google,organic,(organic),"Myanmar, Republic of the Union of",5,5,D2 Enquiry,1,0.076753,Active,
BCS-0039,BCS,2026-06-13,Direct,(direct),(none),(not set),United Kingdom,1,1,D1 Lead,0,0.156912,Active,
BCS-0039,BCS,2026-06-13,Direct,(direct),(none),(not set),United Kingdom,1,1,D2 Enquiry,1,0.152570,Active,
BCS-0040,BCS,2026-06-20,OrganicSearch,google,organic,(organic),Singapore,1,2,D1 Lead,0,0.129590,Active,
BCS-0040,BCS,2026-06-20,OrganicSearch,google,organic,(organic),Singapore,1,2,D2 Enquiry,1,0.095941,Active,
BCS-0040,BCS,2026-06-22,OrganicSearch,google,organic,(organic),Singapore,2,2,D1 Lead,0,0.129590,Active,
BCS-0040,BCS,2026-06-22,OrganicSearch,google,organic,(organic),Singapore,2,2,D2 Enquiry,1,0.095941,Active,
BCS-0041,BCS,2026-06-15,Offline,offline,offline,phone-enquiry,Singapore,1,1,D1 Lead,0,0.297094,Active,
BCS-0041,BCS,2026-06-15,Offline,offline,offline,phone-enquiry,Singapore,1,1,D2 Enquiry,1,0.396936,Active,
BCS-0042,BCS,2026-06-24,Referral,sg.search.yahoo.com,referral,(referral),Singapore,1,6,D1 Lead,0,0.007234,Active,
BCS-0042,BCS,2026-06-24,Referral,sg.search.yahoo.com,referral,(referral),Singapore,1,6,D2 Enquiry,1,0.009665,Active,
BCS-0042,BCS,2026-06-25,Referral,sg.search.yahoo.com,referral,(referral),Singapore,2,6,D1 Lead,0,0.000904,Active,
BCS-0042,BCS,2026-06-25,Referral,sg.search.yahoo.com,referral,(referral),Singapore,2,6,D2 Enquiry,1,0.001208,Active,
BCS-0042,BCS,2026-06-25,Referral,sg.search.yahoo.com,referral,(referral),Singapore,3,6,D1 Lead,0,0.000904,Active,
BCS-0042,BCS,2026-06-25,Referral,sg.search.yahoo.com,referral,(referral),Singapore,3,6,D2 Enquiry,1,0.001208,Active,
BCS-0042,BCS,2026-06-25,Referral,sg.search.yahoo.com,referral,(referral),Singapore,4,6,D1 Lead,0,0.000904,Active,
BCS-0042,BCS,2026-06-25,Referral,sg.search.yahoo.com,referral,(referral),Singapore,4,6,D2 Enquiry,1,0.001208,Active,
BCS-0042,BCS,2026-06-25,Referral,sg.search.yahoo.com,referral,(referral),Singapore,5,6,D1 Lead,0,0.000904,Active,
BCS-0042,BCS,2026-06-25,Referral,sg.search.yahoo.com,referral,(referral),Singapore,5,6,D2 Enquiry,1,0.001208,Active,
BCS-0042,BCS,2026-06-28,Referral,sg.search.yahoo.com,referral,(referral),Singapore,6,6,D1 Lead,0,0.007234,Active,
BCS-0042,BCS,2026-06-28,Referral,sg.search.yahoo.com,referral,(referral),Singapore,6,6,D2 Enquiry,1,0.009665,Active,
BCS-0043,BCS,2026-06-12,Direct,(direct),(none),(not set),Japan,1,1,D1 Lead,0,0.156912,Active,
BCS-0043,BCS,2026-06-12,Direct,(direct),(none),(not set),Japan,1,1,D2 Enquiry,1,0.152570,Active,
BCS-0044,BCS,2026-06-18,OrganicSearch,google,organic,(organic),Singapore,1,1,D1 Lead,0,0.259180,Active,
BCS-0044,BCS,2026-06-18,OrganicSearch,google,organic,(organic),Singapore,1,1,D2 Enquiry,1,0.191882,Active,
BCS-0045,BCS,2026-06-16,Direct,(direct),(none),(not set),Japan,1,1,D1 Lead,0,0.156912,Active,
BCS-0045,BCS,2026-06-16,Direct,(direct),(none),(not set),Japan,1,1,D2 Enquiry,1,0.152570,Active,
BCS-0046,BCS,2026-06-13,Direct,(direct),(none),(not set),United Kingdom,1,1,D1 Lead,0,0.156912,Active,
BCS-0046,BCS,2026-06-13,Direct,(direct),(none),(not set),United Kingdom,1,1,D2 Enquiry,1,0.152570,Active,
BCS-0047,BCS,2026-06-19,Offline,offline,offline,direct-application,Singapore,1,1,D1 Lead,0,0.297094,Active,
BCS-0047,BCS,2026-06-19,Offline,offline,offline,direct-application,Singapore,1,1,D2 Enquiry,1,0.396936,Active,
BCS-0047,BCS,2026-06-19,Offline,offline,offline,direct-application,Singapore,1,1,D3 Application,2,0.744472,Active,
BCS-0048,BCS,2026-06-12,Offline,offline,offline,direct-application,United Kingdom,1,1,D1 Lead,0,0.297094,Active,
BCS-0048,BCS,2026-06-12,Offline,offline,offline,direct-application,United Kingdom,1,1,D2 Enquiry,1,0.396936,Active,
BCS-0048,BCS,2026-06-12,Offline,offline,offline,direct-application,United Kingdom,1,1,D3 Application,2,0.744472,Active,
BCS-0049,BCS,2026-06-12,Offline,offline,offline,direct-application,United Kingdom,1,1,D1 Lead,0,0.297094,Active,
BCS-0049,BCS,2026-06-12,Offline,offline,offline,direct-application,United Kingdom,1,1,D2 Enquiry,1,0.396936,Active,
BCS-0049,BCS,2026-06-12,Offline,offline,offline,direct-application,United Kingdom,1,1,D3 Application,2,0.744472,Active,
BCS-0050,BCS,2026-06-18,Offline,offline,offline,direct-application,United Kingdom,1,1,D1 Lead,0,0.297094,Active,
BCS-0050,BCS,2026-06-18,Offline,offline,offline,direct-application,United Kingdom,1,1,D2 Enquiry,1,0.396936,Active,
BCS-0050,BCS,2026-06-18,Offline,offline,offline,direct-application,United Kingdom,1,1,D3 Application,2,0.744472,Active,
BCS-0051,BCS,2026-06-12,Offline,offline,offline,direct-application,United Kingdom,1,1,D1 Lead,0,0.297094,Active,
BCS-0051,BCS,2026-06-12,Offline,offline,offline,direct-application,United Kingdom,1,1,D2 Enquiry,1,0.396936,Active,
BCS-0051,BCS,2026-06-12,Offline,offline,offline,direct-application,United Kingdom,1,1,D3 Application,2,0.744472,Active,
BCS-0052,BCS,2026-06-12,Offline,offline,offline,direct-application,United Kingdom,1,1,D1 Lead,0,0.297094,Active,
BCS-0052,BCS,2026-06-12,Offline,offline,offline,direct-application,United Kingdom,1,1,D2 Enquiry,1,0.396936,Active,
BCS-0052,BCS,2026-06-12,Offline,offline,offline,direct-application,United Kingdom,1,1,D3 Application,2,0.744472,Active,
BCS-0053,BCS,2026-06-12,Offline,offline,offline,direct-application,Singapore,1,1,D1 Lead,0,0.297094,Active,
BCS-0053,BCS,2026-06-12,Offline,offline,offline,direct-application,Singapore,1,1,D2 Enquiry,1,0.396936,Active,
BCS-0053,BCS,2026-06-12,Offline,offline,offline,direct-application,Singapore,1,1,D3 Application,2,0.744472,Active,
BCS-0054,BCS,2026-06-12,Offline,offline,offline,direct-application,United Kingdom,1,1,D1 Lead,0,0.297094,Active,
BCS-0054,BCS,2026-06-12,Offline,offline,offline,direct-application,United Kingdom,1,1,D2 Enquiry,1,0.396936,Active,
BCS-0054,BCS,2026-06-12,Offline,offline,offline,direct-application,United Kingdom,1,1,D3 Application,2,0.744472,Active,
BCS-0055,BCS,2026-06-15,Offline,offline,offline,direct-application,Hong Kong,1,1,D1 Lead,0,0.297094,Active,
BCS-0055,BCS,2026-06-15,Offline,offline,offline,direct-application,Hong Kong,1,1,D2 Enquiry,1,0.396936,Active,
BCS-0055,BCS,2026-06-15,Offline,offline,offline,direct-application,Hong Kong,1,1,D3 Application,2,0.744472,Active,
BCS-0056,BCS,2026-06-15,Offline,offline,offline,direct-application,Singapore,1,1,D1 Lead,0,0.297094,Active,
BCS-0056,BCS,2026-06-15,Offline,offline,offline,direct-application,Singapore,1,1,D2 Enquiry,1,0.396936,Active,
BCS-0056,BCS,2026-06-15,Offline,offline,offline,direct-application,Singapore,1,1,D3 Application,2,0.744472,Active,
BCS-0057,BCS,2026-06-12,Offline,offline,offline,direct-application,Singapore,1,1,D1 Lead,0,0.297094,Active,
BCS-0057,BCS,2026-06-12,Offline,offline,offline,direct-application,Singapore,1,1,D2 Enquiry,1,0.396936,Active,
BCS-0057,BCS,2026-06-12,Offline,offline,offline,direct-application,Singapore,1,1,D3 Application,2,0.744472,Active,
BCS-0058,BCS,2026-06-12,Offline,offline,offline,direct-application,Singapore,1,1,D1 Lead,0,0.297094,Active,
BCS-0058,BCS,2026-06-12,Offline,offline,offline,direct-application,Singapore,1,1,D2 Enquiry,1,0.396936,Active,
BCS-0058,BCS,2026-06-12,Offline,offline,offline,direct-application,Singapore,1,1,D3 Application,2,0.744472,Active,
BCS-0059,BCS,2026-06-27,Offline,offline,offline,direct-application,Singapore,1,1,D1 Lead,0,0.297094,Active,
BCS-0059,BCS,2026-06-27,Offline,offline,offline,direct-application,Singapore,1,1,D2 Enquiry,1,0.396936,Active,
BCS-0059,BCS,2026-06-27,Offline,offline,offline,direct-application,Singapore,1,1,D3 Application,2,0.744472,Active,
BCS-0060,BCS,2026-06-16,Offline,offline,offline,direct-application,Singapore,1,1,D1 Lead,0,0.297094,Active,
BCS-0060,BCS,2026-06-16,Offline,offline,offline,direct-application,Singapore,1,1,D2 Enquiry,1,0.396936,Active,
BCS-0060,BCS,2026-06-16,Offline,offline,offline,direct-application,Singapore,1,1,D3 Application,2,0.744472,Active,
BCS-0061,BCS,2026-06-12,Offline,offline,offline,direct-application,Singapore,1,1,D1 Lead,0,0.297094,Active,
BCS-0061,BCS,2026-06-12,Offline,offline,offline,direct-application,Singapore,1,1,D2 Enquiry,1,0.396936,Active,
BCS-0061,BCS,2026-06-12,Offline,offline,offline,direct-application,Singapore,1,1,D3 Application,2,0.744472,Active,
BCS-0062,BCS,2026-06-12,Offline,offline,offline,direct-application,Singapore,1,1,D1 Lead,0,0.297094,Active,
BCS-0062,BCS,2026-06-12,Offline,offline,offline,direct-application,Singapore,1,1,D2 Enquiry,1,0.396936,Active,
BCS-0062,BCS,2026-06-12,Offline,offline,offline,direct-application,Singapore,1,1,D3 Application,2,0.744472,Active,
BCS-0063,BCS,2026-06-12,Offline,offline,offline,direct-application,Singapore,1,1,D1 Lead,0,0.297094,Active,
BCS-0063,BCS,2026-06-12,Offline,offline,offline,direct-application,Singapore,1,1,D2 Enquiry,1,0.396936,Active,
BCS-0063,BCS,2026-06-12,Offline,offline,offline,direct-application,Singapore,1,1,D3 Application,2,0.744472,Active,
BCS-0064,BCS,2026-06-28,Direct,(direct),(none),(not set),Singapore,1,1,D1 Lead,0,0.156912,Active,
BCS-0064,BCS,2026-06-28,Direct,(direct),(none),(not set),Singapore,1,1,D2 Enquiry,1,0.152570,Active,
BCS-0064,BCS,2026-06-28,Direct,(direct),(none),(not set),Singapore,1,1,D3 Application,2,0.068536,Active,
BCS-0065,BCS,2026-06-16,Offline,offline,offline,direct-application,Singapore,1,1,D1 Lead,0,0.297094,Active,
BCS-0065,BCS,2026-06-16,Offline,offline,offline,direct-application,Singapore,1,1,D2 Enquiry,1,0.396936,Active,
BCS-0065,BCS,2026-06-16,Offline,offline,offline,direct-application,Singapore,1,1,D3 Application,2,0.744472,Active,
BCS-0066,BCS,2026-06-18,OrganicSearch,bing,organic,(organic),Thailand,1,2,D1 Lead,0,0.129590,Active,
BCS-0066,BCS,2026-06-18,OrganicSearch,bing,organic,(organic),Thailand,1,2,D2 Enquiry,1,0.095941,Active,
BCS-0066,BCS,2026-06-18,OrganicSearch,bing,organic,(organic),Thailand,1,2,D3 Application,2,0.021150,Active,
BCS-0066,BCS,2026-06-19,OrganicSearch,bing,organic,(organic),Thailand,2,2,D1 Lead,0,0.129590,Active,
BCS-0066,BCS,2026-06-19,OrganicSearch,bing,organic,(organic),Thailand,2,2,D2 Enquiry,1,0.095941,Active,
BCS-0066,BCS,2026-06-19,OrganicSearch,bing,organic,(organic),Thailand,2,2,D3 Application,2,0.021150,Active,
BCS-0067,BCS,2026-06-18,Offline,offline,offline,direct-application,United Kingdom,1,1,D1 Lead,0,0.297094,Active,
BCS-0067,BCS,2026-06-18,Offline,offline,offline,direct-application,United Kingdom,1,1,D2 Enquiry,1,0.396936,Active,
BCS-0067,BCS,2026-06-18,Offline,offline,offline,direct-application,United Kingdom,1,1,D3 Application,2,0.744472,Active,
BCS-0068,BCS,2026-06-24,Offline,offline,offline,direct-application,Singapore,1,1,D1 Lead,0,0.297094,Active,
BCS-0068,BCS,2026-06-24,Offline,offline,offline,direct-application,Singapore,1,1,D2 Enquiry,1,0.396936,Active,
BCS-0068,BCS,2026-06-24,Offline,offline,offline,direct-application,Singapore,1,1,D3 Application,2,0.744472,Active,
BCS-0069,BCS,2026-06-17,Local,google,gmb,google_my_business,Spain,1,6,D1 Lead,0,0.036975,Active,
BCS-0069,BCS,2026-06-17,Local,google,gmb,google_my_business,Spain,1,6,D2 Enquiry,1,0.043392,Active,
BCS-0069,BCS,2026-06-17,Local,google,gmb,google_my_business,Spain,1,6,D3 Application,2,0.040608,Active,
BCS-0069,BCS,2026-06-17,Local,google,gmb,google_my_business,Spain,2,6,D1 Lead,0,0.004622,Active,
BCS-0069,BCS,2026-06-17,Local,google,gmb,google_my_business,Spain,2,6,D2 Enquiry,1,0.005424,Active,
BCS-0069,BCS,2026-06-17,Local,google,gmb,google_my_business,Spain,2,6,D3 Application,2,0.005076,Active,
BCS-0069,BCS,2026-06-17,Local,google,gmb,google_my_business,Spain,3,6,D1 Lead,0,0.004622,Active,
BCS-0069,BCS,2026-06-17,Local,google,gmb,google_my_business,Spain,3,6,D2 Enquiry,1,0.005424,Active,
BCS-0069,BCS,2026-06-17,Local,google,gmb,google_my_business,Spain,3,6,D3 Application,2,0.005076,Active,
BCS-0069,BCS,2026-06-20,PMaxPaidSearch,google,cpc,FPD_PM_Local_PMAX_SG_PMAX_EN_GENERIC_Generic,Spain,4,6,D1 Lead,0,0.005531,Active,
BCS-0069,BCS,2026-06-20,PMaxPaidSearch,google,cpc,FPD_PM_Local_PMAX_SG_PMAX_EN_GENERIC_Generic,Spain,4,6,D2 Enquiry,1,0.005004,Active,
BCS-0069,BCS,2026-06-20,PMaxPaidSearch,google,cpc,FPD_PM_Local_PMAX_SG_PMAX_EN_GENERIC_Generic,Spain,4,6,D3 Application,2,0.002159,Active,
BCS-0069,BCS,2026-06-20,Local,google,gmb,google_my_business,Spain,5,6,D1 Lead,0,0.004622,Active,
BCS-0069,BCS,2026-06-20,Local,google,gmb,google_my_business,Spain,5,6,D2 Enquiry,1,0.005424,Active,
BCS-0069,BCS,2026-06-20,Local,google,gmb,google_my_business,Spain,5,6,D3 Application,2,0.005076,Active,
BCS-0069,BCS,2026-06-21,Local,google,gmb,google_my_business,Spain,6,6,D1 Lead,0,0.036975,Active,
BCS-0069,BCS,2026-06-21,Local,google,gmb,google_my_business,Spain,6,6,D2 Enquiry,1,0.043392,Active,
BCS-0069,BCS,2026-06-21,Local,google,gmb,google_my_business,Spain,6,6,D3 Application,2,0.040608,Active,
BCS-0070,BCS,2026-06-17,Local,google,gmb,google_my_business,Spain,1,6,D1 Lead,0,0.036975,Active,
BCS-0070,BCS,2026-06-17,Local,google,gmb,google_my_business,Spain,1,6,D2 Enquiry,1,0.043392,Active,
BCS-0070,BCS,2026-06-17,Local,google,gmb,google_my_business,Spain,1,6,D3 Application,2,0.040608,Active,
BCS-0070,BCS,2026-06-17,Local,google,gmb,google_my_business,Spain,2,6,D1 Lead,0,0.004622,Active,
BCS-0070,BCS,2026-06-17,Local,google,gmb,google_my_business,Spain,2,6,D2 Enquiry,1,0.005424,Active,
BCS-0070,BCS,2026-06-17,Local,google,gmb,google_my_business,Spain,2,6,D3 Application,2,0.005076,Active,
BCS-0070,BCS,2026-06-17,Local,google,gmb,google_my_business,Spain,3,6,D1 Lead,0,0.004622,Active,
BCS-0070,BCS,2026-06-17,Local,google,gmb,google_my_business,Spain,3,6,D2 Enquiry,1,0.005424,Active,
BCS-0070,BCS,2026-06-17,Local,google,gmb,google_my_business,Spain,3,6,D3 Application,2,0.005076,Active,
BCS-0070,BCS,2026-06-20,PMaxPaidSearch,google,cpc,FPD_PM_Local_PMAX_SG_PMAX_EN_GENERIC_Generic,Spain,4,6,D1 Lead,0,0.005531,Active,
BCS-0070,BCS,2026-06-20,PMaxPaidSearch,google,cpc,FPD_PM_Local_PMAX_SG_PMAX_EN_GENERIC_Generic,Spain,4,6,D2 Enquiry,1,0.005004,Active,
BCS-0070,BCS,2026-06-20,PMaxPaidSearch,google,cpc,FPD_PM_Local_PMAX_SG_PMAX_EN_GENERIC_Generic,Spain,4,6,D3 Application,2,0.002159,Active,
BCS-0070,BCS,2026-06-20,Local,google,gmb,google_my_business,Spain,5,6,D1 Lead,0,0.004622,Active,
BCS-0070,BCS,2026-06-20,Local,google,gmb,google_my_business,Spain,5,6,D2 Enquiry,1,0.005424,Active,
BCS-0070,BCS,2026-06-20,Local,google,gmb,google_my_business,Spain,5,6,D3 Application,2,0.005076,Active,
BCS-0070,BCS,2026-06-21,Local,google,gmb,google_my_business,Spain,6,6,D1 Lead,0,0.036975,Active,
BCS-0070,BCS,2026-06-21,Local,google,gmb,google_my_business,Spain,6,6,D2 Enquiry,1,0.043392,Active,
BCS-0070,BCS,2026-06-21,Local,google,gmb,google_my_business,Spain,6,6,D3 Application,2,0.040608,Active,
BCS-0071,BCS,2026-06-17,Local,google,gmb,google_my_business,Spain,1,6,D1 Lead,0,0.036975,Active,
BCS-0071,BCS,2026-06-17,Local,google,gmb,google_my_business,Spain,1,6,D2 Enquiry,1,0.043392,Active,
BCS-0071,BCS,2026-06-17,Local,google,gmb,google_my_business,Spain,1,6,D3 Application,2,0.040608,Active,
BCS-0071,BCS,2026-06-17,Local,google,gmb,google_my_business,Spain,2,6,D1 Lead,0,0.004622,Active,
BCS-0071,BCS,2026-06-17,Local,google,gmb,google_my_business,Spain,2,6,D2 Enquiry,1,0.005424,Active,
BCS-0071,BCS,2026-06-17,Local,google,gmb,google_my_business,Spain,2,6,D3 Application,2,0.005076,Active,
BCS-0071,BCS,2026-06-17,Local,google,gmb,google_my_business,Spain,3,6,D1 Lead,0,0.004622,Active,
BCS-0071,BCS,2026-06-17,Local,google,gmb,google_my_business,Spain,3,6,D2 Enquiry,1,0.005424,Active,
BCS-0071,BCS,2026-06-17,Local,google,gmb,google_my_business,Spain,3,6,D3 Application,2,0.005076,Active,
BCS-0071,BCS,2026-06-20,PMaxPaidSearch,google,cpc,FPD_PM_Local_PMAX_SG_PMAX_EN_GENERIC_Generic,Spain,4,6,D1 Lead,0,0.005531,Active,
BCS-0071,BCS,2026-06-20,PMaxPaidSearch,google,cpc,FPD_PM_Local_PMAX_SG_PMAX_EN_GENERIC_Generic,Spain,4,6,D2 Enquiry,1,0.005004,Active,
BCS-0071,BCS,2026-06-20,PMaxPaidSearch,google,cpc,FPD_PM_Local_PMAX_SG_PMAX_EN_GENERIC_Generic,Spain,4,6,D3 Application,2,0.002159,Active,
BCS-0071,BCS,2026-06-20,Local,google,gmb,google_my_business,Spain,5,6,D1 Lead,0,0.004622,Active,
BCS-0071,BCS,2026-06-20,Local,google,gmb,google_my_business,Spain,5,6,D2 Enquiry,1,0.005424,Active,
BCS-0071,BCS,2026-06-20,Local,google,gmb,google_my_business,Spain,5,6,D3 Application,2,0.005076,Active,
BCS-0071,BCS,2026-06-21,Local,google,gmb,google_my_business,Spain,6,6,D1 Lead,0,0.036975,Active,
BCS-0071,BCS,2026-06-21,Local,google,gmb,google_my_business,Spain,6,6,D2 Enquiry,1,0.043392,Active,
BCS-0071,BCS,2026-06-21,Local,google,gmb,google_my_business,Spain,6,6,D3 Application,2,0.040608,Active,
BCS-0072,BCS,2026-06-16,Direct,(direct),(none),(not set),Singapore,1,1,D1 Lead,0,0.156912,Active,
BCS-0072,BCS,2026-06-16,Direct,(direct),(none),(not set),Singapore,1,1,D2 Enquiry,1,0.152570,Active,
BCS-0072,BCS,2026-06-16,Direct,(direct),(none),(not set),Singapore,1,1,D3 Application,2,0.068536,Active,
BCS-0072,BCS,2026-06-16,Direct,(direct),(none),(not set),Singapore,1,1,D4 Offer,3,0.333333,Active,
BCS-0073,BCS,2026-06-17,Offline,offline,offline,direct-application,China,1,1,D1 Lead,0,0.297094,Active,
BCS-0073,BCS,2026-06-17,Offline,offline,offline,direct-application,China,1,1,D2 Enquiry,1,0.396936,Active,
BCS-0073,BCS,2026-06-17,Offline,offline,offline,direct-application,China,1,1,D3 Application,2,0.744472,Active,
BCS-0073,BCS,2026-06-17,Offline,offline,offline,direct-application,China,1,1,D4 Offer,3,0.666667,Active,
BCS-0074,BCS,2026-06-15,Offline,offline,offline,direct-application,Singapore,1,1,D1 Lead,0,0.297094,Won,
BCS-0074,BCS,2026-06-15,Offline,offline,offline,direct-application,Singapore,1,1,D2 Enquiry,1,0.396936,Won,
BCS-0074,BCS,2026-06-15,Offline,offline,offline,direct-application,Singapore,1,1,D3 Application,2,0.744472,Won,
BCS-0074,BCS,2026-06-15,Offline,offline,offline,direct-application,Singapore,1,1,D4 Offer,3,0.666667,Won,
BCS-0074,BCS,2026-06-15,Offline,offline,offline,direct-application,Singapore,1,1,D5 Enrolment,4,1.000000,Won,
