school,landing_page,sessions,users,conversions,conversion_rate,bounce_rate,avg_session_duration
BCS,/,974,746,151,15.5,20.02,268.0
BCS,/admissions/term-dates-fees/,582,437,7,1.2,44.33,150.0
BCS,(not set),323,208,0,0.0,92.88,32.8
BCS,/admissions/book-a-tour/,203,169,52,25.62,21.18,195.8
BCS,/admissions/enquire-now/,144,129,15,10.42,31.25,154.1
BCS,/work-with-us/,131,113,0,0.0,32.06,189.1
BCS,/about-us/our-team/,98,89,4,4.08,26.53,168.2
BCS,/digital-strategy-overview/,98,53,0,0.0,33.67,423.7
BCS,,94,77,2,2.13,100.0,39.6
BCS,/parent-hub/uniform-appearance/,86,67,0,0.0,36.05,216.5
BCS,/parent-hub/school-bus-service/,81,49,1,1.23,28.4,369.2
BCS,/admissions/how-to-apply/,75,48,4,5.33,32.0,311.8
BCS,/about-us/awards-and-accreditations/,74,62,0,0.0,59.46,148.7
BCS,/senior-school/a-level-singapore/,61,48,2,3.28,40.98,122.0
BCS,/pre-prep/life-at-pre-prep-school/,59,52,0,0.0,37.29,254.7
BCS,/open-house-events/weekly-open-mornings/,51,42,7,13.73,39.22,92.2
BCS,/senior-school/igcse-singapore/,44,43,0,0.0,31.82,90.9
BCS,/prep-school/life-at-prep-school/,43,40,0,0.0,34.88,147.8
BCS,/pre-prep/pufflings-toddler-club/,32,18,0,0.0,56.25,101.7
BCS,/parent-hub/,31,21,0,0.0,58.06,278.2
BCS,/open-house-events/,30,27,8,26.67,23.33,363.5
BCS,/senior-school/sixth-form/,23,22,0,0.0,21.74,263.4
BCS,/visit-us/,22,20,0,0.0,36.36,326.9
BCS,/moving-to-singapore-from-the-uk-a-family-guide/,17,15,0,0.0,17.65,148.5
BCS,/thank-you/,17,3,40,235.29,5.88,352.4
BCS,/about-us/our-governance/,13,10,0,0.0,46.15,55.7
BCS,/admissions/scholarships/,13,8,0,0.0,53.85,116.8
BCS,/sixth-form-official-launch-event/,13,13,0,0.0,53.85,120.0
BCS,/admissions/make-an-enquiry/,12,12,1,8.33,33.33,273.3
BCS,/senior-school/life-at-senior-school/,12,10,0,0.0,50.0,298.6
BCS,/discovery-day/,11,7,2,18.18,63.64,23.1
BCS,/about-us/family-of-schools/,10,10,0,0.0,30.0,182.7
BCS,/about-us/who-we-are/,9,9,0,0.0,66.67,380.6
BCS,/pre-prep/academic-life/,9,4,0,0.0,44.44,552.0
BCS,/?gtm_latency=1,8,8,0,0.0,100.0,1.0
BCS,/about-us/news/,7,4,0,0.0,57.14,58.5
BCS,/preparatory-course-primary/,7,3,0,0.0,28.57,63.1
BCS,/senior-school/,6,4,0,0.0,50.0,80.3
BCS,/?page_id=14173&preview=true,5,4,0,0.0,20.0,2464.8
BCS,/a-levels-vs-ib-singapore/,5,3,0,0.0,60.0,324.2
BCS,/campaign/virtual-open-house/,5,3,0,0.0,20.0,1136.8
BCS,/pre-prep/academic-life/subjects/,5,2,0,0.0,0.0,416.3
BCS,/senior-school/beyond-the-classroom/sport-for-all/,5,5,0,0.0,0.0,90.4
BCS,/about-us/awards-and-accreditations/?eps=AHas8cBFANQ6q8KywJC_5kY7ZiPVZsPX8oATwIsHi9kTy7nKOgc6vyfj66VBMVDdaCmhuKR5vg9kEhoMfKHfXZXBn5nOuCfJp9YbAWnmOzSG2rE4W7v3grCzW7ARVE8,4,1,0,0.0,75.0,269.2
BCS,/british-education-system-guide/,4,3,0,0.0,50.0,16.0
BCS,/igcse-grading-system/,4,3,0,0.0,25.0,36.6
BCS,/senior-school/beyond-the-classroom/,4,2,0,0.0,75.0,5.4
BCS,/learning-at-brighton/prep-curriculum/,3,3,0,0.0,0.0,54.9
BCS,/preparatory-course-for-primary-pcp-year-1-year-6/,3,3,0,0.0,33.33,25.2
BCS,/taster-day/,3,1,0,0.0,66.67,536.7
BCS,/?_kx=stape&adct=stape&at_gd=stape&awc=stape&cjevent=stape&epik=stape&fbclid=stape&li_fat_id=stape&qclid=stape&ranSiteID=stape&rdt_cid=stape&rfsn=stape&ScCid=stape&ttclid=stape&twclid=stape,2,2,0,0.0,100.0,5.2
BCS,/about-us/school-policies/,2,2,0,0.0,50.0,79.5
BCS,/admissions/make-an-enquiry/?eps=AHas8cB42cmJ000BeizzuAKAjubX-G0KXthLnl0xSZtai8GdkWcU82TiakSd9_IRBtndzqNbOWd929wjEJQVx-NJcYE0B1tnMwYmJ3Ax4ehiXHQ,2,1,0,0.0,100.0,0.7
BCS,/digital-strategy-overview/?preview_id=14173&preview_nonce=01ffca07ab&_thumbnail_id=-1&preview=true,2,1,0,0.0,0.0,282.6
BCS,/discovery-day/?fbclid=PAZXh0bgNhZW0BMABhZGlkAas0vStQD1xzcnRjBmFwcF9pZA81NjcwNjczNDMzNTI0MjcAAadFFM5KU7aplAulZFiO8loegPoXSCCHq-7qe-Yo3tGUxUYRQ3FOKxOWXjY7Zg_aem_TJIGzxRIsKhZ0zPHKzGRCw,2,1,7,350.0,50.0,166.0
BCS,/english-learning-support/about-eal-programme/,2,2,0,0.0,50.0,165.8
BCS,/learning-at-brighton/pre-prep-curriculum/,2,1,0,0.0,50.0,229.6
BCS,/open-house-events/virtual-open-house/,2,2,0,0.0,50.0,28.8
BCS,/pre-prep/beyond-the-classroom/,2,1,0,0.0,50.0,20.2
BCS,/prep-school/academic-life/,2,2,0,0.0,0.0,277.7
BCS,/prep-school/academic-life/subjects/,2,1,0,0.0,0.0,2496.5
BCS,/prep-school/beyond-the-classroom/,2,2,0,0.0,50.0,19.7
BCS,/prep-school/beyond-the-classroom/sport-for-all/,2,2,0,0.0,0.0,112.3
BCS,/privacy-and-cookies-notices/,2,2,0,0.0,50.0,672.6
BCS,/referral-programme/,2,2,0,0.0,0.0,30.3
BCS,/senior-school/academic-life/,2,2,0,0.0,100.0,0.2
BCS,/senior-school/sixth-form/?eps=AHas8cByeixN5dzQs0mDrio0S2Dd-8EANsza9uFNGQDvBqewiy30hwkC5bpBCQNWpigCH-DMTES-mDEmcYtd3TUVohHov90kI4sNhOhKSoY2JFo,2,1,0,0.0,100.0,0.7
BCS,/?fbclid=IwT01FWASs1zpleHRuA2FlbQIxMABzcnRjBmFwcF9pZAwzNTA2ODU1MzE3MjgAAR4Pbwdc0wbmMMg3zgjpxdb_1h9kq8Bs5luly0Rc6CdF2SudPBYzVgEs33gg6g_aem_Gl3QVKprb7rYndUfuVtAEw,1,1,0,0.0,0.0,12.6
BCS,/?fbclid=IwY2xjawSd8mNleHRuA2FlbQIxMABicmlkETFySnlQeElSaVJkbUtSNjNwc3J0YwZhcHBfaWQQMjIyMDM5MTc4ODIwMDg5MgABHm5n52MyE44wqp78oXiL757kdtwKiKCqlcXymw31vUpMGFLP9d2i0iOfZ9Bz_aem_O902hRn5DMmRlVrbviH3Uw,1,1,0,0.0,0.0,20.9
BCS,/?fbclid=IwZXh0bgNhZW0CMTEAc3J0YwZhcHBfaWQMMjU2MjgxMDQwNTU4AAEeZJjhRyzhe9MliwxlcPfx9_IMgz1jlTXmI9vwHYRAdekzB-XKsdfUakEleY0_aem_B1t1pxgbwcz_sOLQupUpZw,1,1,0,0.0,100.0,0.1
BCS,/?s=%22joyful+learning%2C+innovative+pedagogy+and+whole-child+development%22,1,1,1,100.0,0.0,3.8
BCS,/?s=Merch,1,1,0,0.0,0.0,8.2
BCS,/?s=School+fee,1,1,1,100.0,100.0,164.7
BCS,/?s=bus,1,1,1,100.0,0.0,6.3
BCS,/?s=calendar,1,1,1,100.0,0.0,3.8
BCS,/?s=preparation+course+,1,1,1,100.0,0.0,46.1
BCS,/?ved=2ahUKEwjtmI3L3oaVAxVOxQIHHaogNXoQgU96BAgaEAs,1,1,0,0.0,0.0,58.6
BCS,/a-level-a-launchpad-for-life/,1,1,0,0.0,100.0,0.0
BCS,/about-us/all-blog-articles/,1,1,0,0.0,100.0,0.2
BCS,/about-us/awards-and-accreditations/?eps=AHas8cA5i3XcY1SnpHVG98H7OthtnQ1amLAURhbM4WtBJKZHGdtRPFIe0xoT-pXL6FkYoM8iErvSZOkzYrXqXjvRoEPac4Y6wVcgUqtBHOO3xIKQAcC-C1cWvS8W1H8,1,1,0,0.0,100.0,0.0
BCS,/about-us/awards-and-accreditations/?eps=AHas8cBABrc_mtnJPWfzXkt8yXQCN0It-TiMqv9ot_owTNSCMEWyHHEjmgcX1gzTjbn7S1L5UIEeA4lAS4B12vnUl8D2CL2XNSH202mcuazn_DzF7VQYSid4Scr3Fg,1,1,0,0.0,0.0,137.7
BCS,/about-us/awards-and-accreditations/?eps=AHas8cCnN68bjRFl1z3ncTf0gQM96lVnJXxTza7i2zwh2VyvCHW7luteftkXrfWMdSy5IGE4AD5K4yISLv0qFuUt585xdborXfa6fELvcDZdhBw4glkJ89gDZD8YoQ,1,1,0,0.0,0.0,16.1
BCS,/about-us/awards-and-accreditations/?eps=AHas8cD6yQxd_7mAXe7W_rHIoV6OhgZtka0jut-iYQk_Ef8OwJiwxxY8TcuvOYSJN9qrNRzNl-qbcZQ_a9U-GKNeJ_82CgpkRhns3OyimYru5-XWACIdBfZ9-epF0Hoi,1,1,0,0.0,0.0,37.0
BCS,/about-us/awards-and-accreditations/?eps=AHas8cDIrUK2DV_aTnViCbO6Qw9i1NM0RnQfOCFQnOqwzIkscVkmxghkty6gzFmV5J5qEzCPu8PTlAvaBDatbmhLvZynci39UjD57fDEKu_r8nei-Xhw1u46CXyK1w,1,1,0,0.0,0.0,15.3
BCS,/about-us/awards-and-accreditations/?eps=AHas8cDOnaVAewKY-0fh3o7kKOc18XtTpJ3ELqBtoRC-oudNNw1Gb1L8UaY1o3TL2hsx8KV2z1HO5mnXApShGc3dbxA2k9Cjlz2y16MBjxqtsK5ZWrotOkc8Ac5NQA,1,1,0,0.0,0.0,55.4
BCS,/about-us/awards-and-accreditations/?eps=AHas8cDUTonauu3Hu783nfAOdxsmYOG7Nq0NnbFdlfNZXJW3kNGrObfVXUh1_NCHYhUCWXKPxr3xgoX8HxPErmg5PfNfDW0xOry8e-2NyOhw74VGvbGEwSbvT8ZO1g,1,1,0,0.0,100.0,0.3
BCS,/about-us/awards-and-accreditations/?eps=AHas8cDZn4BZEglaSfdpt6xYpKgEGE53jh3fkaXciPikpN7KJ3nm8CucoU0IVihUIVNr7zw4G7RY3qoOMTrcgPo3dElX6QvmC9pDBDZH18BPwrRDusXmh2A_kDcK3A,1,1,0,0.0,100.0,0.3
BCS,/about-us/school-policies/?preview_id=13984&preview_nonce=0829c1607c&_thumbnail_id=-1&preview=true,1,1,0,0.0,0.0,3794.7
BCS,/admissions/book-a-tour/?eps=AHas8cByc1Icpai-1LLoglOixK6deh1Nlqj_-JgqGb7xid0ehX9luJKTEaAQHyMIY21QpKgXC6C9o5O8XMCsvSw7Om9kA5SEkDGvLdWx2cVtDkxq6mdCOKQyqg,1,1,0,0.0,100.0,0.1
BCS,/admissions/book-a-tour/?eps=AHas8cCDSpXTq5Waq2-HDzbFroLDWeHqom78phM7sa6E2RVSH9vUAdCqPGhofW5D8ImYrYfrYRhxu9nlLS72Pxt6GFoR5K8oXzWGN1noI_32b9gmVMV8fz4,1,1,0,0.0,100.0,0.1
BCS,/admissions/book-a-tour/?eps=AHas8cDcFSWce7I22unD_zjwGqK-Gw9v_NXjaJD_Euzsgi99MBcbQaip8Y_4L9_u9Sp3wyJf8d2mS4k1YBoyRNZDoEf8bw3J9P2XrQ8qybEqCH2RaqI,1,1,0,0.0,0.0,964.4
BCS,/admissions/book-a-tour/?fbclid=IwY2xjawSoGrJleHRuA2FlbQIxMQBzcnRjBmFwcF9pZAwzNTA2ODU1MzE3MjgAAR43MRaG8-ku3nSzi1JP5Vmhn1NpbFFjVlKBtRpXm-noK-4_UR4yN0w1BLgNgg_aem_Hgxud95xeuB-7KbGoDRNCA,1,1,0,0.0,100.0,7.8
BCS,/admissions/book-a-tour/?fbclid=IwY2xjawSptSNleHRuA2FlbQEwAGFkaWQBqzcCm7LT3HNydGMGYXBwX2lkEDIyMjAzOTE3ODgyMDA4OTIAAR6SXaUs2flYT3y-_sx1FNJYDX6odfPJI5PSHY-eCIJLrBO8fwIFtp9BLwUtwg_aem_lALMnH2g5x0oaW8qJsBYWA,1,1,0,0.0,0.0,16.9
BCS,/admissions/book-a-tour/?fbclid=IwZXh0bgNhZW0BMABhZGlkAas3Apuy09xzcnRjBmFwcF9pZAo2NjI4NTY4Mzc5AAEems6qLpuS0EdyRgAUy5DeraNOlWSwcykyV7qwUczQTUNb-GpU3vspYyq_oKc_aem_Lma7gLvsebhwoHcLBuZO_Q,1,1,0,0.0,0.0,23.9
BCS,/admissions/book-a-tour/?fbclid=IwZXh0bgNhZW0BMABhZGlkAasw8Gdo3xxzcnRjBmFwcF9pZA8yNzUyNTQ2OTI1OTgyNzkAAR7sjsH6uuKKig6Sb74ndzE0ZGZz7y2jQYTrUvikQuOMaQkW57Qy8aMmUjme3w_aem_wd21_LCHDXNyc1FcV9IJZw,1,1,0,0.0,100.0,0.0
BCS,/admissions/book-a-tour/?fbclid=IwZXh0bgNhZW0BMABhZGlkAasw8Gdo3xxzcnRjBmFwcF9pZAo2NjI4NTY4Mzc5AAEes6c1LUxmA6JhxVDkfezB-CkHIJpZpocCc9CEfBk-99XPW6qcTNyLlbLJBek_aem_Zn5kmuPFp5e7qW5JtAo29w,1,1,0,0.0,0.0,14.5
BCS,/admissions/book-a-tour/?fbclid=IwZXh0bgNhZW0CMTEAc3J0YwZhcHBfaWQMMjU2MjgxMDQwNTU4AAEeg89b-3lKoWkWabH-piVIqnwjDVpMOm_xtqy7x6cq6haTjJ4jIQPBk0saprs_aem_Or9HFtFJb54jhFzZFUyDyA,1,1,0,0.0,0.0,19.9
BCS,/admissions/book-a-tour/?fbclid=PAZXh0bgNhZW0BMABhZGlkAas3ApuiCvxzcnRjBmFwcF9pZA8xMjQwMjQ1NzQyODc0MTQAAacLO2oweL43Nev2nPtZgp-0X0oCoK54HdhGi0BM3KFkqZYbW6JVBfhDHySq5w_aem_hjlul6eyUuYsf0ZnDuw6-A,1,0,0,0.0,100.0,0.1
BCS,/admissions/book-a-tour/?fbclid=PAZXh0bgNhZW0BMABhZGlkAas3ApuiCvxzcnRjBmFwcF9pZA8xMjQwMjQ1NzQyODc0MTQAAaeWPtn6D7zkbOrFBSDgM9NikrugLAVPvh-GIkHVyQPKWnt_mqIJ0bFRHVYh7A_aem_JmlATIjtSqvPsnc-ImPkNQ,1,1,0,0.0,0.0,190.8
BCS,/admissions/book-a-tour/?fbclid=PAZXh0bgNhZW0BMABhZGlkAas3ApuiCvxzcnRjBmFwcF9pZA8xMjQwMjQ1NzQyODc0MTQAAafDBfU-Ln9TulON_ZKoPymCxaf5u8f56RUXZ8PHWK52S2vQyxHnwvtnJWQv0Q_aem_UUf8cWqB1765eflmayWVrg,1,1,0,0.0,100.0,0.0
BCS,/admissions/book-a-tour/?fbclid=PAZXh0bgNhZW0BMABhZGlkAas3Apuy09xzcnRjBmFwcF9pZA8xMjQwMjQ1NzQyODc0MTQAAacZkDNUrbYHjmHTbVbzWgQEaL17wDo6La-PfS2QBW-YNgaVmJrJEiIH5Pc6UQ_aem_zJ5Yaer-dDSoEupkVim8Dg,1,1,0,0.0,0.0,8.3
BCS,/admissions/book-a-tour/?fbclid=PAZXh0bgNhZW0BMABhZGlkAas3Apuy09xzcnRjBmFwcF9pZA8xMjQwMjQ1NzQyODc0MTQAAaecHaljZRc14vNiztfbRHw2Tga-ap1_7-F8TfVQTzjaa-cM-J5pHv6-MWPkBA_aem_r2dR8R4yLe7EhHwOTZ1WNg,1,1,0,0.0,100.0,0.1
BCS,/admissions/book-a-tour/?fbclid=PAZXh0bgNhZW0BMABhZGlkAasxPFRmUTxzcnRjBmFwcF9pZA81NjcwNjczNDMzNTI0MjcAAafM0EwJi6Pm1On-FBiS2wrpVA43fJComfYo-Ol7VpSGObeB7n8O7kVuxHS1vQ_aem_JkqYnTqNKLcB_5oVDAyVpg,1,1,0,0.0,0.0,88.9
BCS,/admissions/book-a-tour/?fbclid=PAZXh0bgNhZW0CMTEAc3J0YwZhcHBfaWQPNTY3MDY3MzQzMzUyNDI3AAGnfgY2PhM6hUt4SBzMPTU3ATlYOVal-9H8a9MWG891jI5qAtqDNmRp4TgUH8Q_aem_8xQwNjqdXBW4zA7lmkMfXA,1,1,4,400.0,0.0,141.2
BCS,/admissions/book-a-tour/?fbclid=PAcGRvZgJmZGlkFlCYnnE5Ni72F2TdIoFqE15h0U8hwohleHRuA2FlbQEwAGFkaWQBqzcCm7LT3HNydGMGYXBwX2lkDzEyNDAyNDU3NDI4NzQxNAABpxIfzkpgxR2qPkVCnTSG1tCndcQD-dKU2CUd924JQi_pe1CBl5RlGSM9o-x9_aem_CzaPoEQtKJykwcjh48eE8A,1,0,0,0.0,100.0,0.1
BCS,/admissions/book-a-tour/?gtm_debug=1782462598270,1,1,4,400.0,0.0,226.0
BCS,/admissions/book-a-tour/?gtm_debug=1782464674396,1,1,4,400.0,0.0,148.1
BCS,/admissions/cpe-information/,1,1,0,0.0,100.0,4.4
BCS,/admissions/enquire-now/?eps=AHas8cA9g9ATnIV8_gJkQn4KmwMPioQ-3rfZS0caVK33r3t4yZSubSh3RTzb2H12_E0k_OkKOSPyO4n8t31_Cj15cXNo8WFDa-YrO2AB5QAKldvEOa7yqxrsp40L27yV,1,1,0,0.0,100.0,0.4
BCS,/admissions/enquire-now/?eps=AHas8cAgarmB_AjHb4X0Q9C_n1FTMWqWNzvLcnQ9cWnXFgz3H2XLiCqooWoF1Ox5I6WF2vwp4qoF2aiv_zLVwhNs5P-Ba4AtPpPTxIQ2iDts5i71gYNu04rQ-lSToPyr,1,0,0,0.0,100.0,2.1
BCS,/admissions/enquire-now/?eps=AHas8cAr0qMaLyxJSjZCkhUKwcYLpBXV3tKXzMxJCSeQmgDXU7jCPBJlqb6so40XgfAUwXodXCO5BbJOYEq1stOVcX1eitBjpi5OMl3SMQOY3QkGrMVcOY_DOxrtcMgS0Q,1,1,0,0.0,100.0,0.2
BCS,/admissions/enquire-now/?eps=AHas8cBEBpTt0JLF9hQwHP6vviv7dY_ma-GNZ6UnlcjOAwklRBRRJaZ1Im1zq3Kt9gf_GxzDuVUqpsbm8kOSd1aMDeZdd2tVtd_5gWjnU61ktTnlCMWgDV2c9FzGLKunBw,1,1,0,0.0,0.0,340.6
BCS,/admissions/enquire-now/?eps=AHas8cC4yM43UYbGdBpavwnJl-d9RxgTEokzC9LcCh0dRIkKmRWp_29E37Ma3EUhzipGmmuc0iCfUoCn_bN9Jh61Tw6lN9If2Hn3581KczMBPRM_BzT2_lwh6Q,1,1,0,0.0,0.0,3.5
BCS,/admissions/enquire-now/?eps=AHas8cCIN6YEDFz-VA7dp7pBQjL09rI7gn_aWIuU7hqNq-SbssxH1G-Jzg_bLUU6R0P4kTIc3tNDL0_-yIAGpgSbAAe5uXHeZ-aQG0SV9wGW7cXX93prDLd6I6VUlE9Z6w,1,1,0,0.0,0.0,64.3
BCS,/admissions/enquire-now/?fbclid=IwY2xjawSrJ1JleHRuA2FlbQIxMABicmlkETFKMnp5VlM3NWxTNllHNXJ6c3J0YwZhcHBfaWQQMjIyMDM5MTc4ODIwMDg5MgABHtQlzvdQ3zv_BaPefoMG6CDxfcBTKfe20TBvyoJIdVPoOCRPrI-fWukuka1w_aem_xWY4zSxJSghiMUvOn6pRbA,1,1,0,0.0,0.0,143.4
BCS,/admissions/enquire-now/?fbclid=IwZXh0bgNhZW0BMABhZGlkAas1xysYM5xzcnRjBmFwcF9pZAo2NjI4NTY4Mzc5AAEeVizkfLAk869KEt0nDFwJEL_XDVnpjg0RvW68BRqD1egli9EHzBqJhIJTMbo_aem_SoicM2TBgqJtcyD-iT5O5g,1,1,0,0.0,100.0,5.3
BCS,/admissions/enquire-now/?fbclid=IwZXh0bgNhZW0BMABhZGlkAas1xysYM5xzcnRjBmFwcF9pZAwzNTA2ODU1MzE3MjgAAR5Kcqo5JnWSW5rjS7ip68PZDdvIzb8vq-bR42yO6gQxMl__aKenGY4boYotLA_aem_YWdncwAPiVWpd8yrFRlyGNy-48hg&brid=YWdncwEPiVWpd8yrFRlyGNy-48hg,1,1,0,0.0,100.0,6.0
BCS,/admissions/enquire-now/?fbclid=IwZXh0bgNhZW0BMABhZGlkAas3AnB2aDxzcnRjBmFwcF9pZAo2NjI4NTY4Mzc5AAEeUIilv1jtKxeL6orFgkWWKiNtKvbe7N4N414VKx-OgY7Ljp1c1QLW3v99NkY_aem_1ESFXp6JqRZSZEu4WFUUmw,1,1,0,0.0,100.0,6.4
BCS,/admissions/enquire-now/?fbclid=IwZXh0bgNhZW0BMABhZGlkAasXTicNv6xzcnRjBmFwcF9pZAo2NjI4NTY4Mzc5AAEey4P4svf15hPHT7YHfW68KW087nu1gLZWrXtuBWHpTrK2b3uN8eV1bj1e3Aw_aem_FpyAVuEwWD-KiJlYHr5dAA,1,1,0,0.0,100.0,0.5
BCS,/admissions/enquire-now/?fbclid=IwZXh0bgNhZW0BMABhZGlkAasd3j_b40xzcnRjBmFwcF9pZAwzNTA2ODU1MzE3MjgAAR7OXYn8aejVHi1vEpM7yyP53yubGo1OR53ov5OZOUVm6F5Z6Pf3bBltdU3WlA_aem_YGPPzWfxsGNwWyYJ8lBdtw,1,1,0,0.0,100.0,0.7
BCS,/admissions/enquire-now/?fbclid=IwcGRvZgNmZGlkFlCX_ilcNTFPpzPSGn4a65iLOHiAUqFleHRuA2FlbQEwAGFkaWQBqzcCcKuB_HNydGMGYXBwX2lkCjY2Mjg1NjgzNzkAAR5HvpXmEbMtwm3slKJHdh_oNeSZrBYo44rTmwafOWYILIT8lPLvk9v7dGBQAw_aem_DRJOy5ysSa-r71TtttYKWw,1,1,0,0.0,100.0,5.7
BCS,/admissions/enquire-now/?fbclid=IwcGRvZgNmZGlkFlCZKew3o3--DjkC5yUgiPMnRpQfyMZleHRuA2FlbQEwAGFkaWQBqzcCcKuB_HNydGMGYXBwX2lkCjY2Mjg1NjgzNzkAAR44Rkl7txKyYpQfZg50B6-6vX4nkoUsScZ7ayCDPVJMX5R_tzDe-gMLBdDoIw_aem_Y5Y9wgd_welmiaF0Ir5oxA,1,1,0,0.0,100.0,5.9
BCS,/admissions/enquire-now/?fbclid=PAZXh0bgNhZW0BMABhZGlkAas3AnCrgfxzcnRjBmFwcF9pZA8xMjQwMjQ1NzQyODc0MTQAAafmlarzu9haDQ7XYj9dtWG6A7Gi9VNGqd2Cemccj3dFg83shF3Ef0FLKetJiA_aem_yBAIGYRfaCYIMglG3DA-vQ,1,1,0,0.0,0.0,49.7
BCS,/admissions/enquire-now/?fbclid=PAZXh0bgNhZW0BMABhZGlkAasd3iwGOHxzcnRjBmFwcF9pZA8xMjQwMjQ1NzQyODc0MTQAAacvB98hJUkrqdxxgcZQeSq4CLIqcrzbE2tz9N-sNZOchM6agOEbibtgIj7dMQ_aem_YCnNM21TfWYQSHdMNnwGrQ,1,1,0,0.0,0.0,25.4
BCS,/admissions/enquire-now/?fbclid=PAZXh0bgNhZW0BMABhZGlkAasd3iwGOHxzcnRjBmFwcF9pZA8xMjQwMjQ1NzQyODc0MTQAAaf0FsFuVvcuHghg2JW59eDgIR31QhDLOQy7HNGAHDSilbBQtIEmpzqh2bRr1g_aem_quGbY9qRyXfGHjoNs_TwxQ,1,1,0,0.0,100.0,0.1
BCS,/admissions/enquire-now/?fbclid=PAZXh0bgNhZW0BMABhZGlkAasd3iwGOHxzcnRjBmFwcF9pZA8xMjQwMjQ1NzQyODc0MTQAAafr8nVfmhQBgA4dfq1DjZhpo8YPqr1FWkNdmiXCHu6BPnuS6RfuIw_bKyw3xA_aem_7Y3PNnHnUW9k0PsedNdQNQ,1,1,0,0.0,100.0,0.1
BCS,/admissions/enquire-now/?fbclid=PAZXh0bgNhZW0BMABhZGlkAasd3j_b40xzcnRjBmFwcF9pZA8xMjQwMjQ1NzQyODc0MTQAAafcCIHTw0MYvtuQTP1m1jXWh8JacGguFa1_GisvFdk71CwD6zO23Obppv8_Qw_aem_AIT_uU6xFtMJro7bJ7xEVA,1,1,0,0.0,100.0,5.4
BCS,/admissions/enquire-now/?fbclid=PAaWdyZASrB1dleHRuA2FlbQEwAGFkaWQBqzcCcKuB_HNydGMGYXBwX2lkDDI1NjI4MTA0MDU1OAABpxumBzgvj9PC1KVgxV85NK9mTEdvjp8I67ncac8kWzKipxzymKQnq_hPSdsl_aem_NVZmK55WbCs5HAMRrHIRfA,1,1,0,0.0,100.0,0.0
BCS,/admissions/enquiries/,1,1,0,0.0,0.0,19.0
BCS,/admissions/make-an-enquiry/?fbclid=IwY2xjawSgZrBleHRuA2FlbQIxMQBzcnRjBmFwcF9pZAwzNTA2ODU1MzE3MjgAAR6_6JFB0vYocbOkGirk-odEKATW2ZyKPsbDYU_NdZo7-dZY_f2N5rzK-SIRgg_aem_lEUOxlM4JAQ6G7JOGf4erg,1,1,0,0.0,0.0,532.6
BCS,/admissions/make-an-enquiry/?fbclid=IwY2xjawSkhKhleHRuA2FlbQEwAGFkaWQBqzXHOE2MnHNydGMGYXBwX2lkEDIyMjAzOTE3ODgyMDA4OTIAAR5EwZ75jQAH4ZYsa9w8qhO9zIzkEwwuH6s8IrtCj0_3ePw0W3dUq5sF1dR-aA_aem_sz2uvI8XMhcahdUI2fvr1g,1,1,0,0.0,0.0,190.2
BCS,/admissions/make-an-enquiry/?fbclid=IwY2xjawSlG-xleHRuA2FlbQEwAGFkaWQBqy8BFRJAPHNydGMGYXBwX2lkEDIyMjAzOTE3ODgyMDA4OTIAAR6jGal6RzMaRK9zviho-Eh7U8lfOiUn5c-JBGRSfrKcjcNZVNRKB8yF6PN8fQ_aem_QHjq6GlHr5DEALZcLOkQrg,1,1,0,0.0,0.0,50.1
BCS,/admissions/make-an-enquiry/?fbclid=IwY2xjawSm-59leHRuA2FlbQEwAGFkaWQBqzcCdTY6PHNydGMGYXBwX2lkEDIyMjAzOTE3ODgyMDA4OTIAAR6UHOnLR3WtTavhplK3sDQawWeaKOAkCOh4tFlTO_ItV9lshL5X9ga5ZN_qng_aem_bdHJOzRT7zU7tN6lr9qklg,1,1,0,0.0,100.0,10.0
BCS,/admissions/make-an-enquiry/?fbclid=IwZXh0bgNhZW0BMABhZGlkAas1xykOMsxzcnRjBmFwcF9pZAo2NjI4NTY4Mzc5AAEeqa1pvepWHpA8Xfw76q-xUO9Yax7_b0nOE3uUZyYeozlrlU_EDQ1zICsdIec_aem_8fa1NwWaTAhUXZovC_fmiQ,1,1,0,0.0,0.0,6.9
BCS,/admissions/make-an-enquiry/?fbclid=IwZXh0bgNhZW0BMABhZGlkAas1xyktLHxzcnRjBmFwcF9pZAo2NjI4NTY4Mzc5AAEeajAw2Y9UymB2gwrJ8h_Z2I9sH6W2Wa8bQdRri8pb9QfEKl5JTi9Fg5Y6ELg_aem_g1PVztSzgIXTASrGUZoNLQ,1,1,0,0.0,100.0,0.7
BCS,/admissions/make-an-enquiry/?fbclid=IwZXh0bgNhZW0BMABhZGlkAas1xyktLHxzcnRjBmFwcF9pZAo2NjI4NTY4Mzc5AAEenC1hAdgq0ylc51IazzoiVXay1wqXrbttMMf52UqaL_snivL1qFu4ZDY7C_g_aem_kAXDSaD-Dm1wHxkkwM1vaw,1,1,0,0.0,0.0,18.1
BCS,/admissions/make-an-enquiry/?fbclid=IwZXh0bgNhZW0BMABhZGlkAas3AlFsi5xzcnRjBmFwcF9pZAo2NjI4NTY4Mzc5AAEe00hHm3Jncz8jWd8u-n4_I_G3yMenaJsYzYH3_-7aj0TiJEiyfiC5FpoBKsI_aem_xkX-Y3orMeZUqsGQduFAHg,1,1,0,0.0,0.0,110.0
BCS,/admissions/make-an-enquiry/?fbclid=IwZXh0bgNhZW0BMABhZGlkAas3AlFsi5xzcnRjBmFwcF9pZAo2NjI4NTY4Mzc5AAEe1JtdtrCVlsdKkYHbnCj3c_RHvJeP17RaVPOkTF-2KV5dH8p4sLqb0quT5jc_aem_zIjKNFtKFMwdjM_c6fb9ug,1,1,0,0.0,0.0,41.7
BCS,/admissions/make-an-enquiry/?fbclid=IwZXh0bgNhZW0BMABhZGlkAas3AlFsi5xzcnRjBmFwcF9pZAo2NjI4NTY4Mzc5AAEe1NcJed77H4GHG205bPHBxuGI8yBgEXVZF5bDQKVFIyNjCOfsMDWUVn94wA4_aem_GrIhm1Vq15iL2mTuKwlI8A,1,1,0,0.0,0.0,13.2
BCS,/admissions/make-an-enquiry/?fbclid=IwZXh0bgNhZW0BMABhZGlkAas3AlFsi5xzcnRjBmFwcF9pZAo2NjI4NTY4Mzc5AAEe5vyS_eB_vBP2IlZX5RIpYCEfHfaYT3dGDWBiooOILYfuIe4rg0dz2DT96QQ_aem_Y8iQPGVLofdNX0CoPFX7KQ,1,1,0,0.0,0.0,141.4
BCS,/admissions/make-an-enquiry/?fbclid=IwZXh0bgNhZW0BMABhZGlkAas3AlFsi5xzcnRjBmFwcF9pZAo2NjI4NTY4Mzc5AAEe8WFi3whC-wgjoYJmwDmoqQDYRr8xPxvCrRbOurdaV0sxxxgkWUhl29gZhp0_aem_pZnWgP0NaCcEi0HNut_hVQ,1,1,0,0.0,0.0,37.1
BCS,/admissions/make-an-enquiry/?fbclid=IwZXh0bgNhZW0BMABhZGlkAas3AlFsi5xzcnRjBmFwcF9pZAo2NjI4NTY4Mzc5AAEe9mCazeSnIUZtjeQS83iif2YOem5gV7sVFkI8G8KSI5_A_cOSRznMj58ENaU_aem_YWdncwvF-O2jp_SeTwhgh6W6RmIf&brid=YWdncwHF-O2jp_SeTwhgh6W6RmIf,1,1,0,0.0,100.0,0.5
BCS,/admissions/make-an-enquiry/?fbclid=IwZXh0bgNhZW0BMABhZGlkAas3AlFsi5xzcnRjBmFwcF9pZAo2NjI4NTY4Mzc5AAEeAHJt6qlC_ifdgiGe3xA542FzAoEBtv8PtOocZhGjCm8koynYCSIrwNKXKAM_aem_m522bQHvDTikASE1tt8RrQ,1,1,0,0.0,0.0,11.5
BCS,/admissions/make-an-enquiry/?fbclid=IwZXh0bgNhZW0BMABhZGlkAas3AlFsi5xzcnRjBmFwcF9pZAo2NjI4NTY4Mzc5AAEeAQtNdA12XcG-GeIrH0yK67oxTyDq3QI2fmJxY31NA1inxSuH1z6fw3tKUJc_aem_YWdncwvHH4h-7vqGuFeVKYnW-L8o&brid=YWdncwHHH4h-7vqGuFeVKYnW-L8o,1,1,0,0.0,100.0,0.5
BCS,/admissions/make-an-enquiry/?fbclid=IwZXh0bgNhZW0BMABhZGlkAas3AlFsi5xzcnRjBmFwcF9pZAo2NjI4NTY4Mzc5AAEeEwCBuVDLGT1dKWMVBODXFK7njHJsXUKem6Tn4Nuq4PGNKxkBpBx71kVbRMI_aem_pIhEv9GG66ru0ZXshhjuBw,1,1,0,0.0,0.0,209.6
BCS,/admissions/make-an-enquiry/?fbclid=IwZXh0bgNhZW0BMABhZGlkAas3AlFsi5xzcnRjBmFwcF9pZAo2NjI4NTY4Mzc5AAEeI3i3pLlexTmT3rFw9UqG6v_HC1VSAS16blhON98Ckko3AJqNiHekttPJSp8_aem_HgJrFjXYfXedJpYoGORhMQ,1,1,0,0.0,100.0,0.5
BCS,/admissions/make-an-enquiry/?fbclid=IwZXh0bgNhZW0BMABhZGlkAas3AlFsi5xzcnRjBmFwcF9pZAo2NjI4NTY4Mzc5AAEeILWh0qISmB_zhhLou7_LSCSpZ-ZibDCWNybDNvBfBM-PLjnBFK3InMHd-Mg_aem_rEIgbXUOTnxDCWTPiHf22g,1,1,0,0.0,0.0,35.8
BCS,/admissions/make-an-enquiry/?fbclid=IwZXh0bgNhZW0BMABhZGlkAas3AlFsi5xzcnRjBmFwcF9pZAo2NjI4NTY4Mzc5AAEeOEkHFoOkSZU6zJCQuh7smpDisyl_TSFMsKCruM_rM9bnIq3UpdeY6I_AKac_aem_fyYgBpvmTxzw7OoG54YMew,1,1,0,0.0,100.0,0.5
BCS,/admissions/make-an-enquiry/?fbclid=IwZXh0bgNhZW0BMABhZGlkAas3AlFsi5xzcnRjBmFwcF9pZAo2NjI4NTY4Mzc5AAEeQDZAOof47XrghAkYOIN0sUDOvVKZGsoBUUslnJ7EGqmOptQ0otVWXQ_-WW8_aem_Pd51jHYQXgb826WzBIwVhg,1,1,0,0.0,100.0,0.5
BCS,/admissions/make-an-enquiry/?fbclid=IwZXh0bgNhZW0BMABhZGlkAas3AlFsi5xzcnRjBmFwcF9pZAo2NjI4NTY4Mzc5AAEeQUNeCnUaxGB_wePpN4HR9leAYQ_ZBihB1bK1esZsk8KvaygJCt2SIWmFX1E_aem_8nO80nS_UPr9cOKnZIM6Zw,1,1,0,0.0,0.0,38.1
BCS,/admissions/make-an-enquiry/?fbclid=IwZXh0bgNhZW0BMABhZGlkAas3AlFsi5xzcnRjBmFwcF9pZAo2NjI4NTY4Mzc5AAEeTP7NrECkVWNvCUhEyNz0D1aQZ-6nAlv5KNIwAHqCXMhe_SN-MEpozw7l4nw_aem_YWdncwuHkyv-p-aD3Sj21K1ECStU&brid=YWdncwGHkyv-p-aD3Sj21K1ECStU,1,1,0,0.0,100.0,0.5
BCS,/admissions/make-an-enquiry/?fbclid=IwZXh0bgNhZW0BMABhZGlkAas3AlFsi5xzcnRjBmFwcF9pZAo2NjI4NTY4Mzc5AAEeVrtui5yPIUAToFJXZEwGaYUQW11YoKcTg5kkB1dygad6EDLla7xUNN3dg2E_aem_RcgXEb8MjlOPV2_ymTYA5w,1,1,0,0.0,0.0,10.8
BCS,/admissions/make-an-enquiry/?fbclid=IwZXh0bgNhZW0BMABhZGlkAas3AlFsi5xzcnRjBmFwcF9pZAo2NjI4NTY4Mzc5AAEeY5PSPJcMCU7a_b1mG1LGzN6Em_ebQ7rsliUsJ-8T4kePHV1pOSFDQ8Pf7EU_aem_6vhs19xogTpIDG9XKmUi7g,1,1,0,0.0,100.0,0.5
BCS,/admissions/make-an-enquiry/?fbclid=IwZXh0bgNhZW0BMABhZGlkAas3AlFsi5xzcnRjBmFwcF9pZAo2NjI4NTY4Mzc5AAEeYi6V3P1k4YcJCTV5tVu6Llw-v2b5ch6_41fBBIxzjt-SV84_91wotkP4gJ8_aem_A_lXFJKhrfg4fH4INKhkmg,1,1,0,0.0,100.0,0.5
BCS,/admissions/make-an-enquiry/?fbclid=IwZXh0bgNhZW0BMABhZGlkAas3AlFsi5xzcnRjBmFwcF9pZAo2NjI4NTY4Mzc5AAEe_xILwjWfp5fY3tr9TeumdTJD8Xn2fAp25YODJe6UruL0tE5tifG_XY0AzfU_aem_m-LLkkCJ7ie9t3Wu5oDCJw,1,1,0,0.0,100.0,0.6
BCS,/admissions/make-an-enquiry/?fbclid=IwZXh0bgNhZW0BMABhZGlkAas3AlFsi5xzcnRjBmFwcF9pZAo2NjI4NTY4Mzc5AAEecLn9cm7fRhh2gdrur1m4n90RZQ6swdOsxiMceevQDfI4aNpBUxnZyxaWN5s_aem_ldch6b5bhsr4w9y5uixkzA,1,1,0,0.0,100.0,0.5
BCS,/admissions/make-an-enquiry/?fbclid=IwZXh0bgNhZW0BMABhZGlkAas3AlFsi5xzcnRjBmFwcF9pZAo2NjI4NTY4Mzc5AAEepFYHea8-GOIcpV-j_6-ad-Ikg_ntNXOZ9qEbX5i3RWuE6q1xUMIgHVeTPdA_aem_HKWMY0enaD0a8mqdv0iLZw,1,1,0,0.0,100.0,9.6
BCS,/admissions/make-an-enquiry/?fbclid=IwZXh0bgNhZW0BMABhZGlkAas3AlFsi5xzcnRjBmFwcF9pZAo2NjI4NTY4Mzc5AAEetmDbs4EHqdGujxjnwXNxd_rD_l3kmNFFKVdwJ2lkS7Hw59TXdJbn0OqZrY4_aem_qwBaf_uwL_-hEbTS5aSCTQ,1,1,0,0.0,0.0,220.1
BCS,/admissions/make-an-enquiry/?fbclid=IwZXh0bgNhZW0BMABhZGlkAas3AlFsi5xzcnRjBmFwcF9pZAwzNTA2ODU1MzE3MjgAAR5kxAA6Y253BeKrFjd--j6JfpPO1QcVXgpY9SVW85cacaR8yWlTIcoQu-Gx2g_aem_lv71RxrxAx-192TxFAQE6g,1,1,0,0.0,100.0,0.5
BCS,/admissions/make-an-enquiry/?fbclid=IwZXh0bgNhZW0BMABhZGlkAas3AlFsi5xzcnRjBmFwcF9pZAwzNTA2ODU1MzE3MjgAAR6uQccdO54MVURqkyjzdv02e_ozRmOP-atnoUhV3fn_rY2DoMMLbfh6-7L44w_aem_hCMammWidapOOtnw3HE5Qw,1,1,0,0.0,100.0,0.0
BCS,/admissions/make-an-enquiry/?fbclid=IwZXh0bgNhZW0BMABhZGlkAas3AlFsi5xzcnRjBmFwcF9pZAwzNTA2ODU1MzE3MjgAAR7H9D1ayOKHvf75Reioxr1QxrRxFyYTNtzfstOUV_YDLjOHbDqVhxXVdL8yLw_aem_fIt5oEWpUN4eAU4LAg-WAQ,1,1,0,0.0,0.0,42.3
BCS,/admissions/make-an-enquiry/?fbclid=IwZXh0bgNhZW0BMABhZGlkAas3AmPSecxzcnRjBmFwcF9pZAo2NjI4NTY4Mzc5AAEetxmv-0WnVZHcSYI3QDxqQh5OeCqta0lJpLXNGMQQyT9ipUGDNhQbNjKroI8_aem_sqM97VupWp5UBodWbfz0MQ,1,1,0,0.0,0.0,15.1
BCS,/admissions/make-an-enquiry/?fbclid=IwZXh0bgNhZW0BMABhZGlkAasriNcI4rxzcnRjBmFwcF9pZAo2NjI4NTY4Mzc5AAEeVJUyMfvKEVry7Qm64x06-_qkedXRJcIoRNWBDkBUd44po8vPQfZCuZgHL_8_aem_AI2b_7GRp9tJhOEJ0wt-OA,1,1,0,0.0,0.0,35.5
BCS,/admissions/make-an-enquiry/?fbclid=IwZXh0bgNhZW0BMABhZGlkAasvARUSQDxzcnRjBmFwcF9pZA8xNzM4NDc2NDI2NzAzNzAAAR7mvvhD9WTwU4uhMmczolFrZ05LbhGu3v9D8Ne98Gc4JII-Z5p1uYzluekesg_aem_UZBfiqW3wI-Odn7gcEokBQ,1,1,0,0.0,0.0,11.9
BCS,/admissions/make-an-enquiry/?fbclid=IwZXh0bgNhZW0BMABhZGlkAasvARUSQDxzcnRjBmFwcF9pZAo2NjI4NTY4Mzc5AAEe--cwUtKME8jAJ3wMIP0-wUzNP5LI1oL5HX6rak1XRygrTA0yPpRGaFczauw_aem__9naIyHWm14dEbPKuonXYQ,1,1,0,0.0,100.0,0.5
BCS,/admissions/make-an-enquiry/?fbclid=IwZXh0bgNhZW0BMABhZGlkAasvARUSQDxzcnRjBmFwcF9pZAo2NjI4NTY4Mzc5AAEe2NJYZCrc04qlip-5Ye-XUnN1mz-bDDNnIhzUWDr_pDdb-izxgKKZkFCxGEA_aem_xqDrMuuKwZmUrlIQ8rLbDQ,1,1,0,0.0,0.0,46.9
BCS,/admissions/make-an-enquiry/?fbclid=IwZXh0bgNhZW0BMABhZGlkAasvARUSQDxzcnRjBmFwcF9pZAo2NjI4NTY4Mzc5AAEe3QEGqutX6hkTNWSztk4R55HbPxvJheSsRegJrl6da7hMGv2R0Ij6DEP8c7c_aem_um3yo9U-50qJ1XRAV5SIKg,1,1,0,0.0,100.0,9.1
BCS,/admissions/make-an-enquiry/?fbclid=IwZXh0bgNhZW0BMABhZGlkAasvARUSQDxzcnRjBmFwcF9pZAo2NjI4NTY4Mzc5AAEe6WUCQGMEs5RNykm44C9D6X_qzcv4E3aEzOCusgcMjb7PyC_FMqYIgvM4ZLc_aem_sy7G0be3fOrmWNOWrXKKag,1,1,1,100.0,0.0,39.0
BCS,/admissions/make-an-enquiry/?fbclid=IwZXh0bgNhZW0BMABhZGlkAasvARUSQDxzcnRjBmFwcF9pZAo2NjI4NTY4Mzc5AAEe8Znf8i3dimtEHXtlyqBICYkc7otLd1SYPJ_9F1xXtg2KAa81dXADD8ST2Q8_aem_At5kwhCpwmCRMnOIUtyeMA,1,1,0,0.0,100.0,0.6
BCS,/admissions/make-an-enquiry/?fbclid=IwZXh0bgNhZW0BMABhZGlkAasvARUSQDxzcnRjBmFwcF9pZAo2NjI4NTY4Mzc5AAEe9jCw1dZxL70zRWKc6ba_CcUY-5Jo--C8gsVcWu9pp9Dl2uvf-JsXfigMfnU_aem_PaIpq4TkZ2vmzxA5Rpy7ig,1,1,0,0.0,0.0,10.4
BCS,/admissions/make-an-enquiry/?fbclid=IwZXh0bgNhZW0BMABhZGlkAasvARUSQDxzcnRjBmFwcF9pZAo2NjI4NTY4Mzc5AAEeAR201dmijs0BI6fJsM9KspXzy9xMw288Y2rb3p6Dwz-60qEW_pwrXJO6150_aem_CzCtfn5KKvfyuSvulimckQ,1,1,0,0.0,100.0,0.6
BCS,/admissions/make-an-enquiry/?fbclid=IwZXh0bgNhZW0BMABhZGlkAasvARUSQDxzcnRjBmFwcF9pZAo2NjI4NTY4Mzc5AAEeDcsUCmX7owi7GlpYiELwURT-Cl-76WzfpiDpKrriHKTe8_gJN758p5yXbdk_aem_jP8NOHXZACZGf9h9SRICzw,1,1,0,0.0,100.0,0.8
BCS,/admissions/make-an-enquiry/?fbclid=IwZXh0bgNhZW0BMABhZGlkAasvARUSQDxzcnRjBmFwcF9pZAo2NjI4NTY4Mzc5AAEeEUJ8x1qdDQ5h6JoTTR_0J-Q4CWTKOIDnZ4cWTLGTbw0ax3CY-7LYIONpNTw_aem_y3rOgHt8igMTNv_yY0u4XQ,1,0,0,0.0,100.0,0.6
BCS,/admissions/make-an-enquiry/?fbclid=IwZXh0bgNhZW0BMABhZGlkAasvARUSQDxzcnRjBmFwcF9pZAo2NjI4NTY4Mzc5AAEeEvj1PkB7cRVPQqQoRCRtxlVjNO-Nj9kimKoaE2udmbCd6owOmsH0e0xbb4c_aem_Abk1dg7gVVC0yDYn3RClxA,1,1,0,0.0,0.0,20.0
BCS,/admissions/make-an-enquiry/?fbclid=IwZXh0bgNhZW0BMABhZGlkAasvARUSQDxzcnRjBmFwcF9pZAo2NjI4NTY4Mzc5AAEeHKL2T8NNu8A-tAAuh-d1K36cvsBe1JC0A-iXePBnXOZH23f5sARfUhAnvyA_aem_AQjKjzRA7owIlNbUyrlR-g,1,1,0,0.0,0.0,26.8
BCS,/admissions/make-an-enquiry/?fbclid=IwZXh0bgNhZW0BMABhZGlkAasvARUSQDxzcnRjBmFwcF9pZAo2NjI4NTY4Mzc5AAEeLCpOluBgkDq7oOyOR9vZAJKx3MyHsriClyFQjiEVtZufXgK2iSCDF714IJ8_aem_PdtInTw0h97CNHaBlqL2hQ,1,1,0,0.0,0.0,13.5
BCS,/admissions/make-an-enquiry/?fbclid=IwZXh0bgNhZW0BMABhZGlkAasvARUSQDxzcnRjBmFwcF9pZAo2NjI4NTY4Mzc5AAEeLT7spHGtJYH22AbCHT-FC9FdGMymRc-0ce8tpycFuAXTkx5J_qUYcB6Dhrc_aem_uECp9qTzoyIjcOroM9i11g,1,1,0,0.0,100.0,7.1
BCS,/admissions/make-an-enquiry/?fbclid=IwZXh0bgNhZW0BMABhZGlkAasvARUSQDxzcnRjBmFwcF9pZAo2NjI4NTY4Mzc5AAEeMcrNpdXxvOT5mFTfJXuHXO6_VloeXKR6xvnHn5rkNyOhOsq0enHAwpnfXSQ_aem_4fVworIXLqjgNduNS559qw,1,1,0,0.0,0.0,545.2
BCS,/admissions/make-an-enquiry/?fbclid=IwZXh0bgNhZW0BMABhZGlkAasvARUSQDxzcnRjBmFwcF9pZAo2NjI4NTY4Mzc5AAEeNA4q9k_5YcJsBPb4hvUcdUHoC5bon6PQ2NafWr46VpImvW392Xh_Cq_Gvxc_aem_1bepmbNPwPfdbsS5JhFzkQ,1,1,0,0.0,0.0,13.7
BCS,/admissions/make-an-enquiry/?fbclid=IwZXh0bgNhZW0BMABhZGlkAasvARUSQDxzcnRjBmFwcF9pZAo2NjI4NTY4Mzc5AAEeNTLJEyKdnyjudlaUesCRnNx81_8sZtYRn4T4-MuLTqe_6s0bJUTPmZaIlWw_aem_0oWHkZ30Pmvum7uL_rHi9A,1,1,0,0.0,0.0,13.2
BCS,/admissions/make-an-enquiry/?fbclid=IwZXh0bgNhZW0BMABhZGlkAasvARUSQDxzcnRjBmFwcF9pZAo2NjI4NTY4Mzc5AAEeNyS0oDl8KEd6Bpq2MTlMoybrA-gssxTKrQen_76ut_OiOpoIVNuPHFOIgK8_aem_EmpEnc16b6rijPeDqaUi1A,1,1,0,0.0,0.0,12.9
BCS,/admissions/make-an-enquiry/?fbclid=IwZXh0bgNhZW0BMABhZGlkAasvARUSQDxzcnRjBmFwcF9pZAo2NjI4NTY4Mzc5AAEeSP495l7lF9L836w2UWZdvsfwgO-LjeBPzPqX9d48GBrKVwOB-zKx3bFimoc_aem_NAxYD5S7Bq6f2jPlUED9pg,1,1,0,0.0,0.0,66.4
BCS,/admissions/make-an-enquiry/?fbclid=IwZXh0bgNhZW0BMABhZGlkAasvARUSQDxzcnRjBmFwcF9pZAo2NjI4NTY4Mzc5AAEeWPhGLZ7d6-shjlFQWp2kBZ2bGxlTn1zhU0osiqnig8sBUTQB2HVs1MCJ5_o_aem_5_0scPcGnX2Ir-fnR_-OtQ,1,1,0,0.0,100.0,0.5
BCS,/admissions/make-an-enquiry/?fbclid=IwZXh0bgNhZW0BMABhZGlkAasvARUSQDxzcnRjBmFwcF9pZAo2NjI4NTY4Mzc5AAEeXomHendBgFW83PzwD5UlOOSLZD6rayuwYTW4p2vMvqiN00GpXYAxHG7Cj6w_aem_qUPHnriv8EDf9urva_BKgw,1,1,0,0.0,0.0,100.3
BCS,/admissions/make-an-enquiry/?fbclid=IwZXh0bgNhZW0BMABhZGlkAasvARUSQDxzcnRjBmFwcF9pZAo2NjI4NTY4Mzc5AAEe_Cv6bWmJxENDFPBTseMrDBbIKB-TGVm06XxBFCeuJpz2hsm6nzy-3K-2e2Y_aem_bFgwL68YtkmH3x3bIxEb0w,1,1,0,0.0,0.0,84.8
BCS,/admissions/make-an-enquiry/?fbclid=IwZXh0bgNhZW0BMABhZGlkAasvARUSQDxzcnRjBmFwcF9pZAo2NjI4NTY4Mzc5AAEec5rxxzjEXWspAbzxlSavCyXxTBSp25O8rjtOJPusgKUZ4jatzgKVn6WyvAU_aem_usJKLWMojtAjvpcYtqZ59Q,1,1,0,0.0,100.0,0.5
BCS,/admissions/make-an-enquiry/?fbclid=IwZXh0bgNhZW0BMABhZGlkAasvARUSQDxzcnRjBmFwcF9pZAo2NjI4NTY4Mzc5AAEedn7CkXMxdHMnhTv8Ix0fxwuref3Y_ISGqcip0aqZ1AJNriyMkFrZkI1pX9g_aem_KuwtCcC5n3pXi7RA57YQlQ,1,1,0,0.0,100.0,0.5
BCS,/admissions/make-an-enquiry/?fbclid=IwZXh0bgNhZW0BMABhZGlkAasvARUSQDxzcnRjBmFwcF9pZAo2NjI4NTY4Mzc5AAEeeElGkmBYJ8n3R7gOXH2-b4yPMNjTrud0lwW4Izcy96PtO1lhWccwvnAPY-4_aem_GP19iLGrU8GpuT9FYpAkBA,1,1,0,0.0,0.0,76.9
BCS,/admissions/make-an-enquiry/?fbclid=IwZXh0bgNhZW0BMABhZGlkAasvARUSQDxzcnRjBmFwcF9pZAo2NjI4NTY4Mzc5AAEeh_v_IYbvqm6ioeCvriRdjHb0cuLtntzxeYy55CsYjOeWZDm0UKz1TUc61ic_aem_EBAMMdYdBf8oX_FG7Qwh1w,1,1,0,0.0,100.0,0.6
BCS,/admissions/make-an-enquiry/?fbclid=IwZXh0bgNhZW0BMABhZGlkAasvARUSQDxzcnRjBmFwcF9pZAo2NjI4NTY4Mzc5AAEeiS8JHPeNiMqlggNwN4d9FvA9p9TIpE4hxb2UVnxx-TJaLwRmSNx-XiYUBjk_aem_ZAAEMT-uSrsQSt-TC7xZiw,1,1,0,0.0,0.0,84.8
BCS,/admissions/make-an-enquiry/?fbclid=IwZXh0bgNhZW0BMABhZGlkAasvARUSQDxzcnRjBmFwcF9pZAo2NjI4NTY4Mzc5AAEekFD7pd5H8ru9QmFvOcToLY7ECUGkdP04EXzYtOepqXn2i-6mo-jbtrgGunQ_aem_S6G5OB6fbVVJ_t6hwVbw7A,1,1,0,0.0,100.0,0.6
BCS,/admissions/make-an-enquiry/?fbclid=IwZXh0bgNhZW0BMABhZGlkAasvARUSQDxzcnRjBmFwcF9pZAo2NjI4NTY4Mzc5AAEeoDw830U8ztEbvHRaryuuZFdo7fig9lzNd_B9a-dyTamChZ5zWRYHKETigKM_aem_YWdncwBnw-ae-YtuYMsB-wuvK2be&brid=YWdncwFnw-ae-YtuYMsB-wuvK2be,1,1,0,0.0,100.0,0.6
BCS,/admissions/make-an-enquiry/?fbclid=IwZXh0bgNhZW0BMABhZGlkAasvARUSQDxzcnRjBmFwcF9pZAo2NjI4NTY4Mzc5AAEeqZPdRVYWZ5bPMqSNdRny9blTVthbnKSDPhFq1CdNCFs3CmMkmiC7CnuUQl0_aem_1_cHIHaTFVjhLmTOb9s8jQ,1,1,0,0.0,100.0,0.4
BCS,/admissions/make-an-enquiry/?fbclid=IwZXh0bgNhZW0BMABhZGlkAasvARUSQDxzcnRjBmFwcF9pZAo2NjI4NTY4Mzc5AAEeu5j48nrY4pFgZGp8ao3sHwYsxCaCej9lk56Y0be2GsSx-nM2RWu26mZiZgg_aem_W-chrVl8iuUFZiAuvLa-SA,1,1,0,0.0,0.0,25.5
BCS,/admissions/make-an-enquiry/?fbclid=IwZXh0bgNhZW0BMABhZGlkAasvARUSQDxzcnRjBmFwcF9pZAo2NjI4NTY4Mzc5AAEeuRNX9ngOxbakeGLNXTxvvmF5VIRf-_1DyDGA2t2a-j5pdELaYwiXHMo-iwE_aem_ChcS8vu28YUsoUA2a_Q-sg,1,1,0,0.0,100.0,0.0
BCS,/admissions/make-an-enquiry/?fbclid=IwZXh0bgNhZW0BMABhZGlkAasvARUSQDxzcnRjBmFwcF9pZAo2NjI4NTY4Mzc5AAEexBbd-X3vUsyePO1EdMgbqah6rPoB9eNwJnUW55-Uf6YocPxDV5yUEPELp3A_aem_FPi-Y4pWPBwkRhw9EAnaMA,1,1,0,0.0,0.0,29.2
BCS,/admissions/make-an-enquiry/?fbclid=IwZXh0bgNhZW0BMABhZGlkAasvARUSQDxzcnRjBmFwcF9pZAo2NjI4NTY4Mzc5AAEeyRBURxw082KaEBGPZc4HDvixs73zlf51UTlfH-TPNrkfJvaGlXkFbJTuq4Q_aem_6jwIut40cEETjKB6Oplg0g,1,1,0,0.0,100.0,0.5
BCS,/admissions/make-an-enquiry/?fbclid=IwZXh0bgNhZW0BMABhZGlkAasvARUSQDxzcnRjBmFwcF9pZAwzNTA2ODU1MzE3MjgAAR4_svUZOMXGQKBhwQFbmavpA-Qu0A15rVogOnNFmrnnQ-r-ESwmSHHtYm9LPA_aem_K9_J-B-C9nW2Uev9Y8B9Pw,1,1,0,0.0,100.0,0.5
BCS,/admissions/make-an-enquiry/?fbclid=IwZXh0bgNhZW0BMABhZGlkAasvARUSQDxzcnRjBmFwcF9pZAwzNTA2ODU1MzE3MjgAAR5h1FpfCphvm3BDjsE8SuNaXT13TJmzUrcn9yeqelCAjv4zFzaXDlxaXCIb7Q_aem_5kfQD4KGhrhyA9iNMo09JA,1,1,0,0.0,100.0,0.3
BCS,/admissions/make-an-enquiry/?fbclid=IwZXh0bgNhZW0BMABhZGlkAasvARUSQDxzcnRjBmFwcF9pZAwzNTA2ODU1MzE3MjgAAR6iN3406Hliu2a7aIExPCEwepDnb0wPQn7SIyvQ0qcvjlg8jivsRaGflqrwRw_aem_YWdncwBJ1HS7V_xMlB5weLsHqpzP&brid=YWdncwFJ1HS7V_xMlB5weLsHqpzP,1,1,0,0.0,0.0,15.2
